line_number,user_ip,classifications_done,assigned_name
481588,5c41806ca05b5b631e6c,3295,QI5c41806c
386569,afc7d281629856a2c111,3240,QIafc7d281
503483,1e4704dcbc992de741d5,3194,QI1e4704dc
425793,da5555b6cd7d96dfba13,2772,QIda5555b6
526633,8ea03b69f6e428b857d8,2676,QI8ea03b69
567719,fd5ad9acba89beacb960,2459,QIfd5ad9ac
440916,23b56e290b512f1a4e10,2256,QI23b56e29
334120,68c9fbccff7502bb37d9,2211,QI68c9fbcc
519957,5b56de92b7ba513d9d0d,2182,QI5b56de92
614825,65a8373a3f2444816409,1745,QI65a8373a
674841,fb163a3923e0c6f575b9,1706,QIfb163a39
555193,e2af766459de0cc99c70,1687,QIe2af7664
415261,11b14da98d8d5e3371f5,1684,QI11b14da9
422048,e3cbd26aa91c83593695,1488,QIe3cbd26a
479958,cb553f3bbc3c7a1f1adb,1417,QIcb553f3b
427900,c0019cc829f015adfca6,1403,QIc0019cc8
526467,b53cb38c5a31d9565d54,1399,QIb53cb38c
440154,ef00cb18cd1ef0bb84e7,1274,QIef00cb18
419462,97f976fecbd8dd954adb,1250,QI97f976fe
501965,4ba2e42212edfd6414f1,1201,QI4ba2e422
528149,daea85b16613ef204d33,1132,QIdaea85b1
365170,5f230e2b65631413feb9,1062,QI5f230e2b
555782,af80dac0b4d441b68e52,1044,QIaf80dac0
565493,7cba4b6ac767c7b4ac70,998,QI7cba4b6a
422129,12a535982d9f05e6ef38,958,QI12a53598
436605,e8e15f07995e1d15085d,955,QIe8e15f07
536097,94d079aa1fadc65400c6,943,QI94d079aa
903,99785c21ef121ef62d39,928,QI99785c21
670511,ff84243e19b2c5e749b7,903,QIff84243e
541151,9b7b55b74a28dbacd3d3,804,QI9b7b55b7
523041,b04907e963fa02aa0317,790,QIb04907e9
432571,7f03f43d00526ba9b22b,772,QI7f03f43d
591048,09bec55325c15dade912,768,QI09bec553
507957,6f29be718374882ba02a,698,QI6f29be71
564567,59369c776d4e7911f8fd,683,QI59369c77
461111,a73d2e43f24c4e89564b,680,QIa73d2e43
667553,dc671f5d658aa02eb4d2,676,QIdc671f5d
425721,5085acb88c8d641533d3,669,QI5085acb8
491568,95ed7ade00e6b37fd7a6,661,QI95ed7ade
416981,9b32cd125dd64ea52096,659,QI9b32cd12
511600,1c2c940737dd92e0fbbc,657,QI1c2c9407
377148,93aa4f68b3fbd4602e23,654,QI93aa4f68
819,da5297609a9de5be9b6d,653,QIda529760
536474,b2ff53bbde2e002214f2,645,QIb2ff53bb
417941,f6e66b84ff9fe929af2e,594,QIf6e66b84
434630,d3ed3d71c3f6bc173e8d,568,QId3ed3d71
334440,542f813cf45ef0860ab4,544,QI542f813c
427217,0a08452ce66dd5019b80,536,QI0a08452c
522303,f5772dbf48a1661d2ab7,535,QIf5772dbf
510885,fd5bf8ebcb30a6c176ee,535,QIfd5bf8eb
424813,dcb7bf8616d8be14a210,532,QIdcb7bf86
330721,0dbade07d4e7bbedd4bf,531,QI0dbade07
566926,7605693ef7db0aae5330,524,QI7605693e
585062,90c8c9393d52883c385c,523,QI90c8c939
549532,081179af70b2263795c6,515,QI081179af
426147,37ba08e24168264ee42b,494,QI37ba08e2
509740,9272920acebee0723b04,490,QI9272920a
426585,faed9607abecf7a24cad,474,QIfaed9607
487798,4b7653a238a8046c7b79,459,QI4b7653a2
502284,22d3ed3e8e4d5fcb279b,449,QI22d3ed3e
159150,cf896f3adc7939bb3d17,449,QIcf896f3a
526071,da2ae1fb4116fab5b7dd,434,QIda2ae1fb
516154,f3765b81dc8c0cdb8786,417,QIf3765b81
512938,9979efb822d6089235e0,416,QI9979efb8
535678,6deec1384c642dd3a10a,414,QI6deec138
479912,c8e265388934a75c3788,409,QIc8e26538
412547,a3d0ee91b81b4f8dc15d,405,QIa3d0ee91
272603,2b9e60336f99c156bfb5,395,QI2b9e6033
426422,14f6deb5f89dbde65ec3,394,QI14f6deb5
508001,288488fcf87b194a8e4a,387,QI288488fc
442801,f341b30c790b8a7c6799,387,QIf341b30c
317742,aefa45a8e7e4a850f925,385,QIaefa45a8
493509,e600e0f865dc1f869336,384,QIe600e0f8
452552,1c4b8f01ceac7d3704f3,383,QI1c4b8f01
526821,50bd49c6fa267f8cf552,383,QI50bd49c6
448799,bc8a7e445b9efd2aa4be,378,QIbc8a7e44
515198,562153b6b2b84b67d1eb,376,QI562153b6
414205,dd21fcc788e9ec9fbc2f,374,QIdd21fcc7
523030,6f7fe5d47f1e10c88d26,364,QI6f7fe5d4
892,8fcc418e5b5d2895a4cb,362,QI8fcc418e
563788,bb4b993a05fcb81e19d2,357,QIbb4b993a
526550,42f7cc387fd25e71e900,356,QI42f7cc38
668261,040223b215da5f718b5c,354,QI040223b2
552465,b33b4c58e76415f9efc7,350,QIb33b4c58
482711,08661f97469f13f43830,349,QI08661f97
420980,bb466fd8873960ea9149,347,QIbb466fd8
520273,7036f54cb8ed800ea47c,345,QI7036f54c
436497,62668a39aa2ff2d78d96,342,QI62668a39
433864,54ab6b362ed391bad8ca,340,QI54ab6b36
667658,0e6e9c9130c7dfbc27d8,334,QI0e6e9c91
538061,6a12d2dbd44591f45d3d,331,QI6a12d2db
141732,034e743198c32fada7f2,328,QI034e7431
381876,985605a2bac5c705bc91,318,QI985605a2
572220,9b2a38e788af4bbe05a4,318,QI9b2a38e7
422472,f8b19dfbc12c646cf5d4,316,QIf8b19dfb
529376,d1baf401c469521091c7,314,QId1baf401
425564,ea76e8933e6c8901d650,310,QIea76e893
524359,9575cab239f0ef28c290,304,QI9575cab2
674872,038ea649d3110c50da9d,301,QI038ea649
479774,7c3c1b3d138d11a39325,300,QI7c3c1b3d
520998,a1d4d3f105e137acca40,297,QIa1d4d3f1
480590,9e47884cb0e2acbeec8d,295,QI9e47884c
669049,0b1b9f35562d135fa430,291,QI0b1b9f35
428934,8fd2c56ed65b08d3a68e,288,QI8fd2c56e
676768,af221938f6fd4f84800c,286,QIaf221938
671535,c15f1eca5053fe58d339,286,QIc15f1eca
630361,df5f3528562c56d7dcc8,279,QIdf5f3528
527189,aa82e5871bb303dbced1,278,QIaa82e587
589735,79590d4ca8fb36dbe316,275,QI79590d4c
525159,a13b09424d38a07242af,275,QIa13b0942
364256,a9a6e751618907ab2cfa,267,QIa9a6e751
613019,d559d780aac58c26cd43,266,QId559d780
548061,8230ec8d427b458ba98b,265,QI8230ec8d
529291,03a724ec9be92733dddc,264,QI03a724ec
512735,b2aab45649afd97ba002,261,QIb2aab456
424805,d16f5b3e54a6b050f6bd,261,QId16f5b3e
437461,4dff60e9cbb4ed1803e2,260,QI4dff60e9
675492,9ab0069cdb5e79e0c0f2,258,QI9ab0069c
670381,99f8436614f17a195906,257,QI99f84366
515370,18b740bfab46379e0d6e,253,QI18b740bf
478996,1d392337bf5f2a089b82,252,QI1d392337
558731,94b6db84b400fa23d331,252,QI94b6db84
380987,cf97cfe005f6202969df,250,QIcf97cfe0
672795,c854957840aa4cadd6f5,249,QIc8549578
608191,83aa5c8172a5a0e27030,248,QI83aa5c81
481795,97ba8622dce5428cf2f4,248,QI97ba8622
493071,6c5434cadea62b126075,247,QI6c5434ca
536990,8de4a920a1496cc80f99,247,QI8de4a920
668782,084bdd96ecf677da009a,246,QI084bdd96
480261,b7d337ad74dd3c98fd21,246,QIb7d337ad
671632,08b98389107e3e2667b2,245,QI08b98389
555272,32033313b7dff68454df,244,QI32033313
479516,6d303c11cbdef2b293b0,242,QI6d303c11
431359,331b0506b0957cae39ca,240,QI331b0506
422045,cef3ea475aa19c989f9c,230,QIcef3ea47
437588,4fe43acfd84decab22c3,228,QI4fe43acf
511512,ab43c9e34258a2dc8698,228,QIab43c9e3
542977,f970ce4401ac6e169a19,224,QIf970ce44
486704,5e84e3df88678a725403,222,QI5e84e3df
525272,4caff2942938dd90be88,218,QI4caff294
459830,c60f28a8e7c087632939,218,QIc60f28a8
447557,1bde3324a7ced2f9ada4,212,QI1bde3324
342386,bfe9c7d7d4cdb1e67856,209,QIbfe9c7d7
571717,b0ef66a6f20831009221,208,QIb0ef66a6
530499,fcc822ad88ed77c61b95,208,QIfcc822ad
461383,d97a5c8f3960e6727b95,206,QId97a5c8f
365157,25d07cba88eb7ea2456d,205,QI25d07cba
424179,e3402f905170a2c1cd14,205,QIe3402f90
160643,e83b3f5dd460a0fd2cbc,202,QIe83b3f5d
569538,5407159ad50638e5ead4,201,QI5407159a
428971,55963cb0c83525c21378,199,QI55963cb0
422349,697180406a64b1ff9d63,198,QI69718040
514818,762f07efcfec043d9b2c,196,QI762f07ef
440160,8a1501d8ea04a97c1bae,194,QI8a1501d8
545598,9b830c9c5f258d3728df,194,QI9b830c9c
535084,a7bbba3de853c09cfc13,194,QIa7bbba3d
479526,6cdc0f76068bf361c76c,193,QI6cdc0f76
512401,d99350e7907aff9cc082,189,QId99350e7
329541,36628415999eebe0cdf3,188,QI36628415
422758,f635e35c4324429a6c5c,187,QIf635e35c
489024,c20d1f7ea9979cc563d8,184,QIc20d1f7e
505291,bd41a6278aea57e0ac52,182,QIbd41a627
433549,42d3a4a5133e36303326,180,QI42d3a4a5
525738,ceb895d9b852244e78b0,180,QIceb895d9
520421,385ce98aa857543fa143,179,QI385ce98a
510222,b4e769e53c55197c533e,179,QIb4e769e5
506540,c6dfe1e64fd84560d617,178,QIc6dfe1e6
167137,ff264dbea0019e677353,178,QIff264dbe
669797,8f13e42221a7d7fe02b9,177,QI8f13e422
558328,3a93c84522d4bb2c2ed4,174,QI3a93c845
442842,390703efe92e2d9f997f,171,QI390703ef
382865,5a57456f5035229ca94e,169,QI5a57456f
659958,b0e909b038008f076957,169,QIb0e909b0
582360,2615ad863ae5049e7153,168,QI2615ad86
417497,ffbd25e58881f2ca99f6,166,QIffbd25e5
434949,707e0184c1493d4e6375,165,QI707e0184
671129,bfef5ab1e2cf810589fc,163,QIbfef5ab1
656086,77e0d1299620837504a0,160,QI77e0d129
489373,6975be1f7419a5517f97,159,QI6975be1f
605989,7b1e431f41944121c1b0,159,QI7b1e431f
425403,148406fa8d21e2ed101b,158,QI148406fa
416103,fc3ea520ef6330257b92,157,QIfc3ea520
142519,ab352116702a406eeb25,155,QIab352116
634264,67b874c4385750cd6f34,153,QI67b874c4
416146,0edb20ce548f547a3f20,150,QI0edb20ce
671893,1a15c6831171276e329f,150,QI1a15c683
442647,bf02cde2abf1f1d08d3d,150,QIbf02cde2
437591,ebb53f2bee33c0f5b170,149,QIebb53f2b
479452,ca0d5eb5e0047f4d46e4,148,QIca0d5eb5
567862,5fb87727780ab8f2356d,147,QI5fb87727
667860,88fbc435b9d6736c19aa,146,QI88fbc435
647511,21502c092c2caf32ba45,145,QI21502c09
439483,6f182415ec311cbb30ed,145,QI6f182415
421654,7ca67fed9e0e140d8c25,145,QI7ca67fed
676787,46578be2d3e4239b38eb,143,QI46578be2
669790,505bedd34c787e0be1fc,142,QI505bedd3
195539,32876aed47606711a484,141,QI32876aed
450615,d531ebe3bcb7aece21b4,141,QId531ebe3
445439,7209ef12f23414da9dae,139,QI7209ef12
485261,d3a84d4c984344b74d2c,137,QId3a84d4c
384779,1455c6ddd51ec59aa636,134,QI1455c6dd
417923,d6e238a3bbb339e4828b,134,QId6e238a3
619924,e4bacdbfeb0afd62a061,134,QIe4bacdbf
482377,1a249505c8715d03be18,132,QI1a249505
650170,1e0fc704808df0557c62,132,QI1e0fc704
536757,ff2719521334fae4df65,132,QIff271952
929,7cacf96756155fa3510f,130,QI7cacf967
667653,f3bd5f411bfc4d8e1785,130,QIf3bd5f41
557563,6d58aa863aed0da4baec,129,QI6d58aa86
607836,0300832baaf92a366d82,128,QI0300832b
583838,0d62c54b1acca0c95150,128,QI0d62c54b
421643,85ebbf95b4b65079ad6d,128,QI85ebbf95
676112,e865c53ef625640cca06,128,QIe865c53e
444895,453d026f5b60551068f6,127,QI453d026f
495290,4ec0edd6f9728bac611a,127,QI4ec0edd6
444779,c67df0a8df0a0392acec,127,QIc67df0a8
530568,f601743568279c553f89,127,QIf6017435
496124,897f6937a9443943d039,126,QI897f6937
495691,42fc6b600c0d87889c55,125,QI42fc6b60
328907,a4ad54ff991ad1e6506a,125,QIa4ad54ff
188828,e028817a95d7bc668ca4,125,QIe028817a
515148,fa458d84f0b7c63d4be4,125,QIfa458d84
578264,df0b458a5296e64013b8,124,QIdf0b458a
670973,8aac63d4a87608093bfe,123,QI8aac63d4
501351,8a330254a54b0e304483,122,QI8a330254
668145,df676adb6eeda618e9a1,122,QIdf676adb
479797,8022ab9bebb90ea84622,121,QI8022ab9b
348307,c7f8a71fe90d3d38be2f,121,QIc7f8a71f
485443,6f842d0f86558ae6ecd5,120,QI6f842d0f
501418,e991e114a0b82ba51ee4,119,QIe991e114
618,2883a062a23f7f6c44c1,118,QI2883a062
675700,2538c2f5c39bbdb3e3e8,117,QI2538c2f5
676153,569f98ed0ef7bb64d3bc,116,QI569f98ed
490507,6dd9e52d48bb5661fcc9,114,QI6dd9e52d
270318,9c9d830c1e634a03e0b9,114,QI9c9d830c
564047,a4e8dd6da3a7226dc5c6,114,QIa4e8dd6d
666401,b0ca8d4d21783b991572,113,QIb0ca8d4d
610502,75c792c97a283c3420b0,112,QI75c792c9
519244,b331bb1b4e5cbd6899b3,112,QIb331bb1b
671786,c5c3ac2be30b73342804,112,QIc5c3ac2b
422315,b124396c334fc800808b,111,QIb124396c
501298,c8c3d67b8d9f8703fcaa,111,QIc8c3d67b
430820,16c655528c1b32f7f91a,110,QI16c65552
434868,49e63f7db2744a9e4917,110,QI49e63f7d
473823,6b3b7aa37f0ec22cfe8e,110,QI6b3b7aa3
420501,872fd361239073a14d28,110,QI872fd361
519511,82e26afb2da9446de47a,109,QI82e26afb
442803,a18f0b61f6781ef7d6c7,109,QIa18f0b61
511374,bf673110b0ff5751e77c,109,QIbf673110
473400,83115c506ac77bbef3de,108,QI83115c50
424706,b7faa755f54d1a03c8eb,108,QIb7faa755
441780,ce07e6f682bcd90c4e82,108,QIce07e6f6
668844,3dca70846e1a6fccfa24,107,QI3dca7084
664894,70643d0cb25c14c653f6,107,QI70643d0c
524636,f5e50630f695b8cc8893,107,QIf5e50630
420174,fa339c2da159312f0d57,107,QIfa339c2d
671481,0bd7773eb3359a1da1c9,105,QI0bd7773e
584221,847e6be4c61071f6af37,105,QI847e6be4
628921,200741bc3ad7e2b403d5,104,QI200741bc
547742,2c1c981316939618970c,103,QI2c1c9813
524280,455a7806cc5ff7540d79,102,QI455a7806
236836,0aa73789db923e2d3086,101,QI0aa73789
628337,1d459b954f66bf9faa48,101,QI1d459b95
470531,87e57c73117ab8496c18,101,QI87e57c73
328623,14afbe464a16fe0cd621,100,QI14afbe46
414642,1f2f6577404c6e18198e,100,QI1f2f6577
413113,2715c3a5ad3223fc8003,100,QI2715c3a5
481230,2820fc0b61921782c520,100,QI2820fc0b
526630,a6d56944bb9d115d95f3,100,QIa6d56944
430670,df66153f72dedc821149,100,QIdf66153f
599642,e13b063a0e775edccba5,100,QIe13b063a
424450,3a76383784316b9f12c9,99,QI3a763837
641295,7a71cba6130d96c56886,97,QI7a71cba6
525567,7c7265a95afdeed577a1,97,QI7c7265a9
524843,81c6c9f0edaa6b781cbf,97,QI81c6c9f0
413103,980d4cbf48f34bbf3953,95,QI980d4cbf
478417,d42e2e8b1622f40e79c3,95,QId42e2e8b
520916,02229f6dad0fe2c72fbc,94,QI02229f6d
646789,bba1792c001b8ff9387e,93,QIbba1792c
552474,f63cc5ce07be6af0eed6,93,QIf63cc5ce
329563,3ecbf28cfeb4a312f106,92,QI3ecbf28c
381213,3f374fdd9afdab072831,92,QI3f374fdd
674732,406009459b4ad0c7c9c1,92,QI40600945
501416,adaec5e7649390340212,92,QIadaec5e7
668059,1b027b8cfbed7430991b,91,QI1b027b8c
527620,83ec554a8d5ef4330c64,91,QI83ec554a
423276,bd425141aeeb5dc9f389,91,QIbd425141
424966,40597fdf3d1b2260018f,90,QI40597fdf
553896,65fa6b1230782f4d675f,90,QI65fa6b12
434959,04fd29e3dfb7ebe82063,89,QI04fd29e3
425232,0908d8876f5ee6c8709b,88,QI0908d887
532656,65251dd9d31c5f6a7b0d,88,QI65251dd9
525371,a889486ef77ec1e08dc5,88,QIa889486e
676067,0d4fafc669f50c288af2,87,QI0d4fafc6
510093,5915df85ee6f022f0007,87,QI5915df85
668402,00b39f6b47cd927f42fc,86,QI00b39f6b
336845,58d64f821b92f1490f8a,86,QI58d64f82
441601,c826773b6c3444c0b047,86,QIc826773b
482739,0acf9d8d06f87e121d02,85,QI0acf9d8d
411609,791676d7dc661bba341b,85,QI791676d7
538592,fe4041e4fd2c8373fc62,85,QIfe4041e4
486785,3bf4cc63ba956600c49c,84,QI3bf4cc63
521016,414408e49066f7e46cf3,84,QI414408e4
610646,00e2e08f5013fc19ec03,82,QI00e2e08f
424854,0fcf05828e084d907517,82,QI0fcf0582
647057,b8cfde377bfe5f7c6c94,82,QIb8cfde37
551,faeb93d2dc2d1b926277,82,QIfaeb93d2
574055,c24ba8becc199d0c1595,81,QIc24ba8be
441344,24c4d7bc0ba6d86edec7,80,QI24c4d7bc
521075,32d00bd071b2c0540e9f,80,QI32d00bd0
383906,77cdb7298d932c239b7b,80,QI77cdb729
432505,e2f645c6cef83c5faff7,80,QIe2f645c6
433395,68d84ce56941f7638f90,79,QI68d84ce5
490269,87e97e072013ea8d1963,79,QI87e97e07
431945,112b6a987ec8fbd577cd,78,QI112b6a98
580087,2920d823f19eb449210b,78,QI2920d823
384591,65c93755357150ca5930,78,QI65c93755
644945,38bf807f11a0016d11d4,77,QI38bf807f
532752,ad1e3bfc70c8fed5fa66,77,QIad1e3bfc
435637,f58a4d55f956034d598d,77,QIf58a4d55
423493,fe8d1a661fb15985a7b1,77,QIfe8d1a66
583762,2d794004293dd3d9ed72,76,QI2d794004
490261,40367d0500e5b49e9767,76,QI40367d05
417275,dcd20e74cb56d16bef44,76,QIdcd20e74
667490,64c5f2389efd30dcf14e,75,QI64c5f238
414982,a691e7ffac9cd1f72aa3,75,QIa691e7ff
338532,e138337667681e6d96c1,75,QIe1383376
428610,0ae2a4319e822fea77c0,73,QI0ae2a431
484776,2bf69b4177228bdb9863,73,QI2bf69b41
489231,35bc55708978a9ab38f4,73,QI35bc5570
652871,4db51cbd03e97c43351b,73,QI4db51cbd
644584,65c93881e4d86f245cb6,73,QI65c93881
608688,a1f2aec3af946306eb34,73,QIa1f2aec3
486715,0d6fc88ab6ce35054e3b,72,QI0d6fc88a
424120,7b1fe0f7a31a3ea49a49,72,QI7b1fe0f7
441505,dfb7e4fde77596576579,72,QIdfb7e4fd
434287,f181a0a938c278e704e9,72,QIf181a0a9
529043,ff0a498ac1638e99e48b,72,QIff0a498a
481559,212735ee95f43d2ba6ee,71,QI212735ee
522095,9b163b7ab44ed6f53ee5,71,QI9b163b7a
440480,a3fefb289a2b45c51cfa,70,QIa3fefb28
669270,8cab1f91a524927a9780,69,QI8cab1f91
417355,d21a9021a0c48c3fc13f,69,QId21a9021
525817,f8493204a11fbb9aa843,68,QIf8493204
519341,22335a67eb061cf47491,67,QI22335a67
669330,48c7ceb8baddf28051b2,67,QI48c7ceb8
422200,c0262b3527c84c6e70ef,67,QIc0262b35
2365,e8e13cb9c527d2f776f2,67,QIe8e13cb9
531033,29e860df04a85c21ae07,66,QI29e860df
510288,0de688e2c21e7f8f0148,65,QI0de688e2
535988,20b08424adaa57ed3b19,65,QI20b08424
668268,27a757b80fb40758c897,65,QI27a757b8
423904,7fab988a6115004fe946,65,QI7fab988a
412669,c57cc30270d69364e4e4,65,QIc57cc302
428477,cc49ec7f1c8ac6a57a02,65,QIcc49ec7f
670427,d2780b9299bfd72596b3,65,QId2780b92
614023,2a8d3e76a30b76ef5e1a,63,QI2a8d3e76
383055,90045503752f23018e68,63,QI90045503
654622,a8b8f34abb49b91030f2,63,QIa8b8f34a
632142,d44624056ca90711d54c,62,QId4462405
669051,05261f0d115c4c15ab64,60,QI05261f0d
440449,0f46d2e43de54856c3e7,60,QI0f46d2e4
468789,1769a59a6d629ca87a51,60,QI1769a59a
626779,1d02389eca9dbd41d3d4,60,QI1d02389e
486242,2a425e5348d4198cbf98,60,QI2a425e53
522008,2e1ffe98510a9cee2cef,60,QI2e1ffe98
536914,822dc0c6b3da112fed74,60,QI822dc0c6
523204,91d452914f3bf49ce36f,60,QI91d45291
647930,9e617078b525a97a04da,59,QI9e617078
501098,c9df05a085c085faae6e,59,QIc9df05a0
565634,1acc3b292b818fa72dd7,58,QI1acc3b29
417667,463a91b37a1f30182720,58,QI463a91b3
671745,77329d0e6886525f6f1d,58,QI77329d0e
450926,90be3c11285746c6c929,58,QI90be3c11
523243,bbe8cd94e1d4f1c27174,58,QIbbe8cd94
489842,c32f925342d68cc2e28e,58,QIc32f9253
522866,c7460ca35bc5aabe3115,58,QIc7460ca3
513083,036c57b7b64079cbe069,57,QI036c57b7
380918,13d00c5f8d410255c27f,57,QI13d00c5f
448360,453504d3980ec916438a,57,QI453504d3
530745,4adf9f80d9aef4091c11,57,QI4adf9f80
496150,72bc8c16fa9e940590b5,57,QI72bc8c16
544317,bcf84a2edbacb24735ee,57,QIbcf84a2e
541945,e2be40c1d0e2e2f40020,57,QIe2be40c1
520960,ea281814ce8c9ddf349d,57,QIea281814
270260,fd5b331098db588763c5,57,QIfd5b3310
670624,0bd96174b1a345711721,56,QI0bd96174
668423,4ee0aab7ba2f243ef57a,56,QI4ee0aab7
378989,6efa77016c47e1e42fc1,56,QI6efa7701
492268,9901bddc82fbc0a7a2b1,56,QI9901bddc
582216,c425c241eb8f2db100d3,56,QIc425c241
412951,f1af64863d398efc9c02,56,QIf1af6486
422149,3b142e46a7d70dc4b388,55,QI3b142e46
674490,3b9c95b3af6e275fc0b4,55,QI3b9c95b3
424466,6660d9f6ddec1662fd3f,55,QI6660d9f6
422056,7bf23754b7ac60491b45,55,QI7bf23754
271366,a94b58dbf3e08aa6d4dc,55,QIa94b58db
668298,d9593980054248d064ba,55,QId9593980
507456,831f3de8d23480aa505b,54,QI831f3de8
672734,8f9d5e26c648674e8859,54,QI8f9d5e26
676815,bf243028624269d906bb,54,QIbf243028
657473,d9bd376841e829c09b05,54,QId9bd3768
141934,2793bcea704930b987c8,53,QI2793bcea
495085,558de38eec8c4d742968,53,QI558de38e
515315,568d9270790dfde08fc2,53,QI568d9270
422571,958a52a73caaafd1a492,53,QI958a52a7
450466,245444c3b409c161f621,52,QI245444c3
428590,6353c3a855fa37f23b9f,52,QI6353c3a8
524522,bc06170f971d52cde9a2,52,QIbc06170f
459190,bcbf184c362c415c87d7,52,QIbcbf184c
537252,1e5da5f17331db984e85,51,QI1e5da5f1
606619,28381eda3ef6e4130b70,51,QI28381eda
652003,3af1dbd8df6d1e4b1f6c,51,QI3af1dbd8
501466,4f9815f9de9f3df85d45,51,QI4f9815f9
536209,9d2ef02fbdb9530af2e6,51,QI9d2ef02f
609300,a34e670b37a37694a01d,51,QIa34e670b
532635,a77339c74e0dc095371c,51,QIa77339c7
668493,ac54bc8a5177d3b2a059,51,QIac54bc8a
550351,0f82b8a5171b283365ee,50,QI0f82b8a5
515533,457aca44c55d1fa243ff,50,QI457aca44
549302,53cbfc5247e31a1cfbc5,50,QI53cbfc52
487380,6e86ce0981876981e42d,50,QI6e86ce09
522911,820ea75ca147ba310e2e,50,QI820ea75c
480580,956018594be2da96cbab,50,QI95601859
518969,a0703ac29f991e047d4b,50,QIa0703ac2
506400,a7290ae29df7f246345b,50,QIa7290ae2
643685,b1866be990b4ef89bd28,50,QIb1866be9
667704,b6384d79dece6dd68b7d,50,QIb6384d79
479741,e28808a2013b5e391db4,50,QIe28808a2
667555,3ad83bd89e47b65f51f9,49,QI3ad83bd8
484649,4db6f03a8634fdf50b45,49,QI4db6f03a
647883,5378f47b35f5d952b52b,49,QI5378f47b
420002,73494a07ee8d9c582151,49,QI73494a07
675583,7cdd404cd094ba13988e,49,QI7cdd404c
675580,8c76fd7bb61beefd81da,49,QI8c76fd7b
416852,9c832750a73d29be6a85,49,QI9c832750
486965,d1ea7f1b9bf2c6136d60,49,QId1ea7f1b
667575,d2c24cd734378bb2b7b1,49,QId2c24cd7
566315,f7d6097060cec8cf5a12,49,QIf7d60970
422704,03670c28480e2352f00d,48,QI03670c28
140977,0392363093abec4987e4,48,QI03923630
551300,08cb65ebf5bb386dfd3b,48,QI08cb65eb
415503,1230360d575bea55f4c6,48,QI1230360d
563619,1ced877423cc93750326,48,QI1ced8774
615679,257c2afa19a71c133748,48,QI257c2afa
442988,3f1be4ec75ea99326c51,48,QI3f1be4ec
448808,9f6497028829b47a38ec,48,QI9f649702
579508,be4ca6c4f8b9147aaa8c,48,QIbe4ca6c4
429264,f7ed9169682f63693e8a,48,QIf7ed9169
561584,0103c6099786f76a98ca,47,QI0103c609
434131,48f7ccac0f63784ce4da,47,QI48f7ccac
667728,9f1dcf71f16ece8e87df,47,QI9f1dcf71
502744,025af452f9144a76099f,46,QI025af452
440267,451cb492637ff695b252,46,QI451cb492
505088,66b1f0e2fb532786e93a,46,QI66b1f0e2
586967,7aae4867518b3945b933,46,QI7aae4867
549843,7cbf396c9f889e39fa63,46,QI7cbf396c
384761,90be9f9e9b95042e047d,46,QI90be9f9e
556824,b116ff539684a054b497,46,QIb116ff53
427993,c0622e9c475fa46e4986,46,QIc0622e9c
422541,c68e938055180515ed72,46,QIc68e9380
670622,e4c1e7703a42f245ce25,46,QIe4c1e770
518263,e99e03466cdd5c6580e1,46,QIe99e0346
589529,0c43ef10bf6ab27fb8ff,45,QI0c43ef10
567070,1399bde725d78ad185fa,45,QI1399bde7
440442,2717cec1023c06daa41c,45,QI2717cec1
499693,32815dd4686043b7a656,45,QI32815dd4
674389,65db5103cdfcf2d341dd,45,QI65db5103
535680,8e20c6bae23566c8e7ed,45,QI8e20c6ba
504652,a9089dc2e0dac1c5adb1,45,QIa9089dc2
424615,ac38a0a8c5c0f58923cc,45,QIac38a0a8
647030,bc27ea91668a5bf888df,45,QIbc27ea91
483831,bcaef0b7471d80df2fdd,45,QIbcaef0b7
663007,d4645f238a3ad68d19f1,45,QId4645f23
384762,dcad4a9bb01b2c0c6819,45,QIdcad4a9b
484567,11807f7d1c0cf6abf175,44,QI11807f7d
535799,43dd6b9601a4ae0dce49,44,QI43dd6b96
641001,489ba81ed1ba106a7347,44,QI489ba81e
140948,5c3dce0c8774d392d88e,44,QI5c3dce0c
523420,606cf44596a0a9372ba0,44,QI606cf445
675523,60ff548cd2d944b53cbe,44,QI60ff548c
546411,756b54d01ba11b6393b3,44,QI756b54d0
668920,91437ea28c3f47e378bb,44,QI91437ea2
567850,ba29ea7ce5ca40a6ba59,44,QIba29ea7c
667511,dfb8ec30903e135b1474,44,QIdfb8ec30
421514,e81fa55983f2728ea6dd,44,QIe81fa559
522351,fa94898b2a6187244509,44,QIfa94898b
601023,13aa31b1b243ecf67f77,43,QI13aa31b1
482672,4112d435a08134bee2ba,43,QI4112d435
626524,42ce67baf8256dde5f2b,43,QI42ce67ba
516837,624979757551051f97ee,43,QI62497975
539019,94275b2e9da28495b756,43,QI94275b2e
546538,b8f53e2a24a3e4293b66,43,QIb8f53e2a
676149,bc5cbcdb4b3a2404607c,43,QIbc5cbcdb
497377,2804367bb3631f0bacba,42,QI2804367b
440609,9a9c8d74fbea61b9e588,42,QI9a9c8d74
505935,afca4c7cf74114f25e59,42,QIafca4c7c
491393,b2767c9ed1954fd7df18,42,QIb2767c9e
334005,1e50e7ca96fb485956ee,41,QI1e50e7ca
491701,2618401d9876ff527542,41,QI2618401d
643886,284c3b8592fe65283d5f,41,QI284c3b85
519542,5d4cc9aef1d4ecbe2131,41,QI5d4cc9ae
366748,65f416cd6c1107e5b2b5,41,QI65f416cd
426275,7fe14365a7bd6ff506dc,41,QI7fe14365
508698,aa2b57645cfe4c1119a3,41,QIaa2b5764
669271,ec8840a72aae6a77297b,41,QIec8840a7
506560,fbf952557e7640bbdeda,41,QIfbf95255
524397,159f6027d420e5e94a15,40,QI159f6027
559672,28a0f70d36d1a49805f3,40,QI28a0f70d
425779,5bad954fa876e4a52011,40,QI5bad954f
424465,7085b364d117852e8e4e,40,QI7085b364
525403,af7335ac4f170e28bdcf,40,QIaf7335ac
426401,b082e7f4c547d95fe513,40,QIb082e7f4
394917,b7426013b5e636decf15,40,QIb7426013
895,dc621de2ecc69308142f,40,QIdc621de2
481787,e9ad8c9f40e60471438d,40,QIe9ad8c9f
644991,fab56d0c4f7e9478fc35,40,QIfab56d0c
539271,448d62bc7836c4798d31,39,QI448d62bc
612867,5a7532bf8291781a0ff0,39,QI5a7532bf
493200,9d71bd90171dea066cf6,39,QI9d71bd90
541957,a8f4e67d479823647b00,39,QIa8f4e67d
669774,cb4333365df196b40e0c,39,QIcb433336
417915,d85f67f428320346d165,39,QId85f67f4
676188,e16a45d0c383d77c9a4a,39,QIe16a45d0
644022,1b76bfb163ab9377d23c,38,QI1b76bfb1
426904,2203673cb59b9bbf2b81,38,QI2203673c
481577,3219269ec776354f9e61,38,QI3219269e
360807,3a3b0343c754c0a1c772,38,QI3a3b0343
647610,500588c67ece8447f9a7,38,QI500588c6
668389,715cbd321fab5d132d1f,38,QI715cbd32
519149,72d4383ce4580804f7d9,38,QI72d4383c
185513,a01935399aa1b6603c64,38,QIa0193539
338766,ad522be16040b01ea3b4,38,QIad522be1
558429,b2a1fbe331e4381b8602,38,QIb2a1fbe3
416119,c982c12e5edc63a7fdee,38,QIc982c12e
675152,e04ae7c73606d6606a47,38,QIe04ae7c7
382624,e6eb1e6ba63f2b8c1316,38,QIe6eb1e6b
669641,f817f327bce5eca8926d,38,QIf817f327
560976,01ba460ab141d54876c6,37,QI01ba460a
525036,0dee54fd03bd0ec8d162,37,QI0dee54fd
424417,1bab67f3adc84422dafa,37,QI1bab67f3
518659,1c4e03ad7ed633e2943f,37,QI1c4e03ad
555635,30e06625e9e18e0c006b,37,QI30e06625
340862,90f33e58a7b14ede179d,37,QI90f33e58
390607,9ed481abbba031abfb43,37,QI9ed481ab
590130,ab8fda80b34d38e53ff4,37,QIab8fda80
610299,d052e39907a90ceadad3,37,QId052e399
560334,e4901881856d3c110ab4,37,QIe4901881
609475,34d08b880eca0076ece2,36,QI34d08b88
504658,51a56d7b6ef0c71fcf32,36,QI51a56d7b
495073,564700808bf1343a8d82,36,QI56470080
507966,9004c5012e4841502558,36,QI9004c501
590250,c46793c389578fff5326,36,QIc46793c3
508881,d5dd4a06124e175f8934,36,QId5dd4a06
647674,de89e70d73da3538522c,36,QIde89e70d
539954,ee484acc67225be17180,36,QIee484acc
480648,103df8e1eafbfaf2b4d9,35,QI103df8e1
674342,26ea21c494331b2d723e,35,QI26ea21c4
618421,3858ab742fa349ee00ce,35,QI3858ab74
496197,39f8af7845a464a4ea4c,35,QI39f8af78
435108,9b155da85c901ad92535,35,QI9b155da8
586025,dc8f334754790177eb37,35,QIdc8f3347
676617,f46aaa2e2a5e97013459,35,QIf46aaa2e
650918,f515643c32d8351a8601,35,QIf515643c
528776,f8440b0dd97f3673d64f,35,QIf8440b0d
669952,fe532a0033831b93f253,35,QIfe532a00
512000,123ed3008d57ea3e8f53,34,QI123ed300
485371,163ca2b26a6d22ee1227,34,QI163ca2b2
567385,452b6d2a330355911a81,34,QI452b6d2a
443127,ad58837b5364bb550129,34,QIad58837b
501349,efedacc9a14001c7ece9,34,QIefedacc9
521005,2efd0ed40418c4d23242,33,QI2efd0ed4
534225,35b3b4cb395c4fdc48c9,33,QI35b3b4cb
565055,3aa572331027280049b8,33,QI3aa57233
618691,4c73559b27b3ce727801,33,QI4c73559b
446123,6f551757c07c9003b9f1,33,QI6f551757
496602,82ce26dbb90d16eaeb0c,33,QI82ce26db
442987,a0d6348f14a8dc7041f0,33,QIa0d6348f
432827,a779253a8e88cf258c4a,33,QIa779253a
676769,d89c6f1f9c60ff1da234,33,QId89c6f1f
523424,0001c5f1dbacc1961c12,32,QI0001c5f1
492861,2eb684c0ef68438df290,32,QI2eb684c0
523346,2f4d6ea6e3a075dcc6be,32,QI2f4d6ea6
674186,3969051299d7b3180f9e,32,QI39690512
170994,64a5a6815e200b3c29ba,32,QI64a5a681
518561,a3d4504c232ae62d8be5,32,QIa3d4504c
669579,d842cc5455476c844faa,32,QId842cc54
328391,e159a71a8035219aea39,32,QIe159a71a
525822,07a37165f6e0b40ab87a,31,QI07a37165
478561,42d1beee0fa9b1ab7400,31,QI42d1beee
565877,43174e53d39c165a81f6,31,QI43174e53
526384,53ac47dd7c2b63bf7982,31,QI53ac47dd
670971,5488c43930f032abd22d,31,QI5488c439
480704,5b0b0dcfe9f832ace310,31,QI5b0b0dcf
458661,6611d16e41a5c71ab18e,31,QI6611d16e
524574,7513fae09f1254547f97,31,QI7513fae0
675283,7756438e75f02887c9e6,31,QI7756438e
635332,7eb3106833bcbe848dc7,31,QI7eb31068
625022,8dd14c4d15144365dfc5,31,QI8dd14c4d
418566,922430c270f9bede8a87,31,QI922430c2
423478,bb6c50dd40f38fbcc95b,31,QIbb6c50dd
526374,cd0b983cf6d4b105af64,31,QIcd0b983c
668143,d661afc783e34b663271,31,QId661afc7
486264,d6a50f3885101d143909,31,QId6a50f38
417879,de1ce978a536fbb9f3df,31,QIde1ce978
614633,e34b2708b56cdd4f8b19,31,QIe34b2708
440765,eae717f028bba8a2515b,31,QIeae717f0
317730,f380b57935c36a17d448,31,QIf380b579
479212,feb118ebe0d79f52efb7,31,QIfeb118eb
527065,0bef702201d44817db5f,30,QI0bef7022
422058,0e8fd7f09dbab9b7c946,30,QI0e8fd7f0
435865,5326ec004b7683221625,30,QI5326ec00
675272,630276527b63d4c80946,30,QI63027652
441545,a0eeb4175f903e243adb,30,QIa0eeb417
649611,a5e0ecde61693d680245,30,QIa5e0ecde
495749,b63f622df9a934eb6951,30,QIb63f622d
525741,bd1ae0655b0bf4fac75f,30,QIbd1ae065
460568,cc53f2beb841db6d1e77,30,QIcc53f2be
860,fd531d4336538cfb1eb7,30,QIfd531d43
515848,03020a820acdc4b0e546,29,QI03020a82
530541,09c74bbf176699b3e911,29,QI09c74bbf
676660,34aba53c05ab47da6ab2,29,QI34aba53c
500412,5016cf7f8c1d6748409e,29,QI5016cf7f
1843,65d49a83012ffbe18928,29,QI65d49a83
417270,872135e4046ca9c65911,29,QI872135e4
674935,872449b2f2ec00033e91,29,QI872449b2
514925,8a92f48600349f950408,29,QI8a92f486
515856,8c6131cd36eca6290b04,29,QI8c6131cd
553516,91f3f48e6bffa533657d,29,QI91f3f48e
430982,94d4998c169b7182fd41,29,QI94d4998c
552386,958b8fd73e5eeccbd6a2,29,QI958b8fd7
667998,a275003df4a2dda63ecb,29,QIa275003d
338618,e83536f9e2c432f94e00,29,QIe83536f9
674366,070fdba4fd176b4aa24b,28,QI070fdba4
507895,12ccbe9a0c697a44f268,28,QI12ccbe9a
433845,1988a3a8b99faade96ee,28,QI1988a3a8
447400,2385c0da63d268341351,28,QI2385c0da
671194,325a64cdf1315fb59bbe,28,QI325a64cd
565672,61222f2cf39f4490ce76,28,QI61222f2c
441187,6d7fadfeb1f33d81436b,28,QI6d7fadfe
500211,6e2786736e5be8574fc6,28,QI6e278673
657085,789399dedb9521549d93,28,QI789399de
647453,8304f83aba122f343506,28,QI8304f83a
429090,b8b15ebf3648996d691e,28,QIb8b15ebf
459173,bae16bb48ea46def0b01,28,QIbae16bb4
651437,d2c7cbe90edc164457b4,28,QId2c7cbe9
568448,d4baa683c170206cdbad,28,QId4baa683
676074,ded0152a7035edee2964,28,QIded0152a
520309,e6424a37d3e6f40c4eda,28,QIe6424a37
540766,0dc238a63a47b19a2b63,27,QI0dc238a6
670832,13dce493abb61dd30e8d,27,QI13dce493
676800,4450d61916503e66a247,27,QI4450d619
482407,5511281c19d4c279407e,27,QI5511281c
417664,57050d5b6924e0651cbc,27,QI57050d5b
643589,6746f15f6219947e7724,27,QI6746f15f
547379,76414e77222cb72c25bd,27,QI76414e77
483253,85172815c3d7ee86e6f8,27,QI85172815
481396,8693f49a88076a472f6b,27,QI8693f49a
374043,96489f6b8094eb0ba361,27,QI96489f6b
566100,976b5faecb5bd6aae413,27,QI976b5fae
555555,a18fe6bcf14049565e64,27,QIa18fe6bc
519481,a1f6b11f9381e220ff13,27,QIa1f6b11f
537215,ae1189e8b0875bd51bab,27,QIae1189e8
525564,bf9a39923905a0af891d,27,QIbf9a3992
492404,c3796ed0db2a442f8f4a,27,QIc3796ed0
647916,ce9b3541c8de2f76543c,27,QIce9b3541
555049,ebb3b5580e06bfaac388,27,QIebb3b558
424911,075def44083b185d7f92,26,QI075def44
671045,104ce9ee61389cb49a5b,26,QI104ce9ee
422693,29e7b2b87c96bc996f5d,26,QI29e7b2b8
381885,2a7df025e0b387103087,26,QI2a7df025
517883,3e2e8d090e9851cf7a65,26,QI3e2e8d09
424559,4676bdc4d2e2a8d7084d,26,QI4676bdc4
666535,50f0efd119a64fb49f89,26,QI50f0efd1
491338,5a7d6b7880c329719105,26,QI5a7d6b78
448804,7931c9f62272d0022675,26,QI7931c9f6
416155,7e3f42c490880eaea3a7,26,QI7e3f42c4
553851,9247464b6cbb104f0acb,26,QI9247464b
671309,948778c6d072c3eb06ad,26,QI948778c6
533007,9c08c8a8e992e9138b3b,26,QI9c08c8a8
676081,a04f1527f0d51f942b7d,26,QIa04f1527
561162,b0c4330e9c8ca1a6d718,26,QIb0c4330e
422605,b491c90d21b8ffcc27c1,26,QIb491c90d
540584,c85bec2335b960f380a2,26,QIc85bec23
524511,ca5cb45b9093a2b7b086,26,QIca5cb45b
522712,e3518d3869448a94a257,26,QIe3518d38
508655,eb57b699928d8d8279d5,26,QIeb57b699
532802,ec28058d99625fb9683b,26,QIec28058d
499198,0e13f51db7fcf6bb7720,25,QI0e13f51d
272796,13aa7a57c1a8ae3e9611,25,QI13aa7a57
569193,38292c0948665e1db4fd,25,QI38292c09
648667,3c063cbff79d30f20d43,25,QI3c063cbf
558378,45a22a5192f6d59ebfcd,25,QI45a22a51
428371,5f1aeace78d22a4d1f55,25,QI5f1aeace
530898,6db511da2d9a67514958,25,QI6db511da
418433,6ff4e35cd8a345726c50,25,QI6ff4e35c
587490,7eb244254a811014acbf,25,QI7eb24425
518331,873b19b4efdeee43b762,25,QI873b19b4
414141,88fdbc0d7e07cae8ca48,25,QI88fdbc0d
415458,99e442ee60d727f0335a,25,QI99e442ee
434424,a852a29547d8c1d00fe8,25,QIa852a295
513138,ab92125503854e5bca42,25,QIab921255
412925,c2d795f42e19deec6339,25,QIc2d795f4
558390,c3008f36135682b1a1e7,25,QIc3008f36
568251,d281c75fe4544c9ced2f,25,QId281c75f
366031,db2f571c2eca4b353631,25,QIdb2f571c
668753,ed98daea7b2fb8a5015a,25,QIed98daea
515922,f9999d19cd34bdbac796,25,QIf9999d19
528128,07472faf6b4816c03558,24,QI07472faf
673772,10db1e03bbe6d587d517,24,QI10db1e03
667565,14b4c77aa0bfca9b0b52,24,QI14b4c77a
565850,181844c1ebfed7a3abda,24,QI181844c1
140959,1e3b583d06f44088e325,24,QI1e3b583d
670962,3e061ff614b2c54efe9b,24,QI3e061ff6
420261,603def17e410dd0e7e48,24,QI603def17
449434,6694b72115dcb564ce21,24,QI6694b721
430333,688e2ab89279308ef912,24,QI688e2ab8
514763,7cea30948120f1d328b7,24,QI7cea3094
669965,815a39b91e1d12251c3a,24,QI815a39b9
336022,81a0e47579ad018e6122,24,QI81a0e475
428208,8ce32b256001cf7c443c,24,QI8ce32b25
668416,9a1dbdfe7aae36656119,24,QI9a1dbdfe
157878,a9a6b31e6f2c3c1bb462,24,QIa9a6b31e
566897,ba8125fb1da7731fe77f,24,QIba8125fb
484102,bc19f419b74ae8c248a7,24,QIbc19f419
574496,c50c9d9d3175d7649604,24,QIc50c9d9d
334435,c60baa3cf2d80900d3d9,24,QIc60baa3c
646786,c90324123917dd8a9d3a,24,QIc9032412
533176,e4c598cb8b8da1e1f204,24,QIe4c598cb
334091,ec22675c80fca61b89c1,24,QIec22675c
624251,f4f92c0f637801f1be77,24,QIf4f92c0f
489694,f73c4bd7a460d96a09df,24,QIf73c4bd7
496190,1548fc699bd708b9d65c,23,QI1548fc69
427897,186522dd915f61a1dd59,23,QI186522dd
422613,2e21c64cb65c3460c755,23,QI2e21c64c
645137,493fd881e1da8bdd6d39,23,QI493fd881
391036,49656d49d8caeffdeed1,23,QI49656d49
272114,4a389dd39fe5149b12ae,23,QI4a389dd3
524988,4e6e8a6307217ce0b20b,23,QI4e6e8a63
489985,4efa8d4307aebfa55ff8,23,QI4efa8d43
520681,4f8af2e4a18801cb1686,23,QI4f8af2e4
540931,50634cef3899fbffc5c1,23,QI50634cef
661689,5e4c668929e90d424089,23,QI5e4c6689
523347,7e9aec478d91862310d3,23,QI7e9aec47
644624,99cd9cc0928dcfab5f26,23,QI99cd9cc0
427068,a1879e726c897536bd92,23,QIa1879e72
676721,a5910d5830a12638cd9b,23,QIa5910d58
534199,b865bd4e6c0b06125380,23,QIb865bd4e
628914,b9faba3450772ce6a332,23,QIb9faba34
414204,ccc6deaeae61f8f776f4,23,QIccc6deae
516140,edc2a5e770b3d7788ddc,23,QIedc2a5e7
639847,fb322c96e2365a0afd09,23,QIfb322c96
517379,17c51db7e00b426946e0,22,QI17c51db7
429073,1d82a12326c070b57fb4,22,QI1d82a123
630797,2597d5fb5df8cd1fb78c,22,QI2597d5fb
667941,26eba8ce4f3c43c01db7,22,QI26eba8ce
423297,2d156f34ff861994c84f,22,QI2d156f34
527950,3185986ac57fa669882d,22,QI3185986a
417943,339eed5155bc730c6822,22,QI339eed51
668135,3d4d65871172296f8b36,22,QI3d4d6587
991,50ba3ecd61c63d9de474,22,QI50ba3ecd
447347,5ca4a4513dc3b9e6acc9,22,QI5ca4a451
384582,6ef7190836d9fbe17a07,22,QI6ef71908
519094,732c2df4f75ae1a9e0a8,22,QI732c2df4
583357,74bffff9ffc5edf2453c,22,QI74bffff9
531053,7dd7a784bd136475cd09,22,QI7dd7a784
491443,935d31f65df7918748d4,22,QI935d31f6
414249,b19b6dea44f83a114efc,22,QIb19b6dea
579931,bd5b4c23426f9e9dcdb9,22,QIbd5b4c23
554962,cb2b29fd6b66e194c44e,22,QIcb2b29fd
421152,da9680631fcaf4423976,22,QIda968063
420362,ddd6a26da1b0e684e642,22,QIddd6a26d
508612,e105a97988a4422a41bc,22,QIe105a979
423750,e5bfbf29de5c064c9ea1,22,QIe5bfbf29
583767,e605fb7df935752c31f4,22,QIe605fb7d
425082,e9c7d3eae23468877f12,22,QIe9c7d3ea
668845,ee1e72a94b6bb4543984,22,QIee1e72a9
516103,f8a16fe74b6462976d19,22,QIf8a16fe7
504327,ff703b5aaac9e5e69374,22,QIff703b5a
426419,0f6108257bbbd1ee3a2d,21,QI0f610825
612396,16313e1713078568a7f9,21,QI16313e17
430970,1b000b4b944f1c382e54,21,QI1b000b4b
552648,2b8ead0f320919496770,21,QI2b8ead0f
519681,3ca4517b3ce37c8a9393,21,QI3ca4517b
671621,467837461dbacaa95b29,21,QI46783746
524009,4992cac6aa2cfb1a4598,21,QI4992cac6
491667,596dbae95a3182769f6b,21,QI596dbae9
434964,5b7265bb36d5deb8f12d,21,QI5b7265bb
483000,6114bce56da7f7cdd45a,21,QI6114bce5
436494,66cf6dd7dee809ff521f,21,QI66cf6dd7
440249,75161a15f3170468243a,21,QI75161a15
667887,7bc358c08dea040ac878,21,QI7bc358c0
557101,903d50092af2647bf82a,21,QI903d5009
515139,bec7e69a97d22b4cd0b8,21,QIbec7e69a
630297,ebb9952bb71e5e8a60c0,21,QIebb9952b
407087,f5e0585fd47bf2f0921f,21,QIf5e0585f
668256,0059341fcb00c421519f,20,QI0059341f
441401,0cb33e009fd9377bf518,20,QI0cb33e00
367497,2383016bd86050375245,20,QI2383016b
499315,27e5d7484dd76eba693d,20,QI27e5d748
502282,409d8f50fc0739d05dc2,20,QI409d8f50
656070,474d44552a860f681950,20,QI474d4455
330412,82e21980eefe39f49ef1,20,QI82e21980
530191,8d4dc18b9352397b7252,20,QI8d4dc18b
562212,93d74d5ffa06da1088d7,20,QI93d74d5f
565812,9cb3c20d92228399ef26,20,QI9cb3c20d
632641,9cc5eec2aa059da60d8a,20,QI9cc5eec2
426921,a5d0481e9bfab542b76e,20,QIa5d0481e
531946,b304b96f72509bab6c67,20,QIb304b96f
425705,c9bb9962163ed7166fca,20,QIc9bb9962
415560,d105735eb41ade767fbf,20,QId105735e
675607,d6972c12afcd40610770,20,QId6972c12
515969,ee5ff5e4baa0eefe947e,20,QIee5ff5e4
544238,ef6b4dc625f5bf301a67,20,QIef6b4dc6
667627,f24517d6c669320514a0,20,QIf24517d6
612865,1a380938d6663bfcd4d6,19,QI1a380938
421461,1b956fe127d2bd12c058,19,QI1b956fe1
561378,26d085f854fc974ccb3a,19,QI26d085f8
511898,3a99ea9f167bfb7cfac2,19,QI3a99ea9f
519114,3ce65449c26455f97eb8,19,QI3ce65449
574329,4f76c6f73f8f4e6e0025,19,QI4f76c6f7
489264,54c6d0dfb3e0e16a0a99,19,QI54c6d0df
515558,563ee023bfb4787d4199,19,QI563ee023
423751,5ad4f1cfd32e08ac7668,19,QI5ad4f1cf
381948,5c2ec4711438c39eced3,19,QI5c2ec471
533443,5d042572f870916cfa3e,19,QI5d042572
515341,61793b54d75a4b31364d,19,QI61793b54
422228,6526669dc8c4cda2bf93,19,QI6526669d
528814,67d32ef142513fed73a8,19,QI67d32ef1
665921,75a24071d1007a48119d,19,QI75a24071
524168,7665424561562b6ed9b4,19,QI76654245
646721,7f7cf3b3d2d735585803,19,QI7f7cf3b3
526082,ae4a6438a4843f06abc4,19,QIae4a6438
542286,b27f6404a15fa844e8af,19,QIb27f6404
539964,b5f196559602b299e2ea,19,QIb5f19655
515445,c7cc6a8a299cf8bfeadc,19,QIc7cc6a8a
424547,f5c6f20d9b50111d8e64,19,QIf5c6f20d
440283,f7147b1e5cd4d155112c,19,QIf7147b1e
650472,fcde894a6498dc294567,19,QIfcde894a
582240,fece6c8302680b0eeb3b,19,QIfece6c83
519196,06bc951f01cda67462b8,18,QI06bc951f
567859,0da13209d4db99409813,18,QI0da13209
142570,1d3805958fc378c3449a,18,QI1d380595
537161,256e45b5fa91693a2117,18,QI256e45b5
586934,2c9f7bae32250bf5caf2,18,QI2c9f7bae
440426,351854e1e04e3b58b4d4,18,QI351854e1
416125,414cca62fca2d4d82b6f,18,QI414cca62
488949,50fcbb95e8b5db457ec3,18,QI50fcbb95
415453,60ad5ccbfa864edf5f75,18,QI60ad5ccb
530329,68f9e51b7426a6eaa305,18,QI68f9e51b
520085,72cd36c6b385119aede5,18,QI72cd36c6
512595,734115fb37ef3be88345,18,QI734115fb
561426,79d7ebcf584794e696da,18,QI79d7ebcf
535090,7a7cbc1f059f0a5382fd,18,QI7a7cbc1f
493000,7c3e8c3657ebe172b169,18,QI7c3e8c36
317664,7c6148b88caf9a332cce,18,QI7c6148b8
522782,86a38196a223ec5d708a,18,QI86a38196
526415,87f7ff54c90f03e7fd95,18,QI87f7ff54
551261,8a3dfc9aefa52b0e8c56,18,QI8a3dfc9a
487500,8df54675f5cb5a6ef4e2,18,QI8df54675
644924,8f098de95733c1b0c3f2,18,QI8f098de9
488148,8f51973e1b9e046c1c26,18,QI8f51973e
431646,911e6e2f5695088c72ac,18,QI911e6e2f
433379,99c5f6b7111217a6156a,18,QI99c5f6b7
537546,9bf6f256fd00d0688291,18,QI9bf6f256
489681,a9c874544720e0b7dbfa,18,QIa9c87454
609454,ac839abd0e0cf0647dbd,18,QIac839abd
482141,b14563a98066f042b053,18,QIb14563a9
367145,cc53cd281d1844e40c11,18,QIcc53cd28
414156,d14adb29072cdd89d084,18,QId14adb29
519071,d32048de45841b4a2db7,18,QId32048de
495091,dfea6a5aa484b7afe16a,18,QIdfea6a5a
632976,e0fce2b5376bfc9de53e,18,QIe0fce2b5
504412,e6fdb3149fb30869043f,18,QIe6fdb314
642526,f1fa478892845854a6d3,18,QIf1fa4788
417799,f526d870a7bc03287fd9,18,QIf526d870
546677,f75fedfafeec6cdf21dc,18,QIf75fedfa
273169,fab78960110aec9a4425,18,QIfab78960
606753,fbe419d1019aadd0730a,18,QIfbe419d1
422372,05e25bcf860e83b173ba,17,QI05e25bcf
441783,0654fb56aa8a1514aa5d,17,QI0654fb56
429080,151e13ae6f219bef5da0,17,QI151e13ae
494904,157aa3f0f3e6c5e08870,17,QI157aa3f0
495070,17dac76ca68131627094,17,QI17dac76c
453058,1ff9e3abc2997864104b,17,QI1ff9e3ab
412905,2ded6e1ec16fae24d5e3,17,QI2ded6e1e
675801,349ecefbb5e9680a998d,17,QI349ecefb
613333,366433c91357d82fec61,17,QI366433c9
669638,3a5df7bdd2288b89ad63,17,QI3a5df7bd
651242,3e12ebf947a80490d65c,17,QI3e12ebf9
479111,3f0e9b18f489a68611a8,17,QI3f0e9b18
434592,4de83135bc66a980f220,17,QI4de83135
420036,4ffc5784e478484b1400,17,QI4ffc5784
440772,50ddb7eb466435809fef,17,QI50ddb7eb
511990,537c82997217f87b15f7,17,QI537c8299
521944,55a2cafa59a86d31d5b8,17,QI55a2cafa
531076,5a8550c9dc57bb7b8112,17,QI5a8550c9
428032,63ba681191a052fb7c10,17,QI63ba6811
486260,691c37d5372dfab01278,17,QI691c37d5
669003,716afc78197ac8afa455,17,QI716afc78
527598,757c76916bd9d88bc455,17,QI757c7691
422882,78fc898ad7d79c790c3e,17,QI78fc898a
488672,7ab8bea519e349a222b4,17,QI7ab8bea5
499042,8486f2ec5d630b4104b7,17,QI8486f2ec
424970,8978761664681f8bbe68,17,QI89787616
667731,9281bcda1ab7cd74d80d,17,QI9281bcda
485454,96eacaebf247a979f117,17,QI96eacaeb
520980,9a265d9591204f08de8b,17,QI9a265d95
381087,9e1fa03cbf96161f90b2,17,QI9e1fa03c
969,a1cba87384f5a55931c0,17,QIa1cba873
584307,b52499b119e9761ff749,17,QIb52499b1
495598,bc17468a6e6ddade49b3,17,QIbc17468a
439744,cbc56dc482eebc9f23fb,17,QIcbc56dc4
503849,cc208b9f519a747c8f48,17,QIcc208b9f
340864,d102630096c4025ebdb3,17,QId1026300
450469,dafa6dbfd85c157e34f2,17,QIdafa6dbf
522986,e466afe94bdde9f5b2ff,17,QIe466afe9
672504,e625efb8fcd13489de00,17,QIe625efb8
525499,0ac2890ab472bf9907ee,16,QI0ac2890a
412775,0d7bfb5a8e2c2e0c9a68,16,QI0d7bfb5a
390595,0e50e0e4f0b3d3e91af4,16,QI0e50e0e4
501345,19c4675ceea9f77ec685,16,QI19c4675c
521489,1b04efcd131823deda98,16,QI1b04efcd
526348,1d1ba495d8cb4b5a247d,16,QI1d1ba495
340360,1f5825474f304c0a4892,16,QI1f582547
496794,294b4720ffb741cac2dc,16,QI294b4720
668638,2be6e4c054c7b84fceb8,16,QI2be6e4c0
271209,3a94029b6836f5f5cc8c,16,QI3a94029b
546665,545faaef1f50b37d6de4,16,QI545faaef
582206,5fbe06e008e22c6b317c,16,QI5fbe06e0
616367,618c993a66f6476823d5,16,QI618c993a
433867,6580f2314933c529ab9b,16,QI6580f231
652667,6c21232bddfc9b6c886e,16,QI6c21232b
503046,7708cd1af3263250120a,16,QI7708cd1a
431608,7b868794f1924da05691,16,QI7b868794
503370,82198a95c578e6845bea,16,QI82198a95
668248,85988793592f76e18016,16,QI85988793
486259,85c2e406bbeaebf38a44,16,QI85c2e406
666826,8b1382e0681807781aa8,16,QI8b1382e0
513399,9106b48c220d3219f4be,16,QI9106b48c
577350,969302b5123971f118f5,16,QI969302b5
941,99701be188ea280e4317,16,QI99701be1
652656,9f8b98630d132234567e,16,QI9f8b9863
507450,b013a9849c6c0066846e,16,QIb013a984
489583,b6c211226b7193af21f8,16,QIb6c21122
674491,bb5a7afbb5bc2739af2b,16,QIbb5a7afb
591807,bd7d4a4e67b73b00bec9,16,QIbd7d4a4e
550190,c0d651f190c5c8c31953,16,QIc0d651f1
614056,d1302516fb531d7c7659,16,QId1302516
540386,d33206d8df4956aaa9e9,16,QId33206d8
434772,d3e5bcbdb7a13d79ddd1,16,QId3e5bcbd
507864,ec4c282a4291df8a5d32,16,QIec4c282a
425151,f86432be9613d220ae8d,16,QIf86432be
671252,fe1de97c8b0509391fe2,16,QIfe1de97c
503572,0647a9f55313eec51626,15,QI0647a9f5
479525,18ffc284cbdd41fb7d37,15,QI18ffc284
561167,1b3eec130b5a8cefd7d8,15,QI1b3eec13
603879,1b4a0189b7cf4d9ec650,15,QI1b4a0189
582294,2357a69a948090329648,15,QI2357a69a
647893,29202405049dde895bb0,15,QI29202405
497808,2e9645c2f21f39759f65,15,QI2e9645c2
422474,3117ed0eb3d79f87eb43,15,QI3117ed0e
415879,3967e7c913fbb604b215,15,QI3967e7c9
337636,41fc039d19894065ad4e,15,QI41fc039d
493057,4409e5e81c4fac2187a5,15,QI4409e5e8
461160,4c67ca9c4236b3af5b6a,15,QI4c67ca9c
506044,5d40690fa77af00edca3,15,QI5d40690f
44297,5f6972da7de3e2d84bac,15,QI5f6972da
483155,5f92c3104a453ec6da9f,15,QI5f92c310
433381,605b06958283b154e1c8,15,QI605b0695
436498,655e75a50c91f09c52bc,15,QI655e75a5
539264,6b0ba8b30569c1dbd657,15,QI6b0ba8b3
121083,707c815106b52d7161c1,15,QI707c8151
674041,753e42cb223f14db5961,15,QI753e42cb
422599,7803a2275033955b238c,15,QI7803a227
494836,83b884a3a9d747eee7fd,15,QI83b884a3
515413,8fe59e4b4f0b471353dd,15,QI8fe59e4b
668445,9575a5ef3ffb640bd3c6,15,QI9575a5ef
579511,96ff7d260b4919a179de,15,QI96ff7d26
605960,9766ba4c668dc41711c0,15,QI9766ba4c
557,9b764591c803f1c87011,15,QI9b764591
434085,abb703d6ad4d3e153060,15,QIabb703d6
480889,acc833c0f5e19f4c8ec4,15,QIacc833c0
582,af7a8718c4160590089c,15,QIaf7a8718
422633,b0349f335b9aa64a4ce6,15,QIb0349f33
647041,bdd6323e893bbec3b4b4,15,QIbdd6323e
412352,bf98c1de80172c0ca68e,15,QIbf98c1de
514843,c216ccd9ff21c722e9ef,15,QIc216ccd9
418571,d14a80abae2d61352749,15,QId14a80ab
381910,d4f114c48962d65b9721,15,QId4f114c4
524085,d730dc06c39bf7a69d22,15,QId730dc06
441690,e1c4a5d39698199d364c,15,QIe1c4a5d3
656864,e68a06209c911e8a46a0,15,QIe68a0620
485608,f446304137deacb840ef,15,QIf4463041
271117,fcc347d6476b070f1e76,15,QIfcc347d6
503526,05b9365f7d2cb7ed4339,14,QI05b9365f
672850,0716788756a9b6422378,14,QI07167887
674291,09f26535943a27baa344,14,QI09f26535
671016,0a9772f44f073f315b17,14,QI0a9772f4
443905,1456ed95ab9d4f9d9788,14,QI1456ed95
509911,2190d459e86ca97a3a32,14,QI2190d459
493631,2d23920183e33d21b12e,14,QI2d239201
381374,35cc8158dd09f76e635e,14,QI35cc8158
515978,3fa681d41c1347109a2d,14,QI3fa681d4
382671,451f7386cd7b9d5f6820,14,QI451f7386
424293,4a74eca2d08ba27228cd,14,QI4a74eca2
523481,5735c488ce63c9c1759b,14,QI5735c488
443250,59d67997fd9dfff84446,14,QI59d67997
579673,64c11018039fe0eda173,14,QI64c11018
579215,67befdabe4bae99face9,14,QI67befdab
667672,684e5bdc7bc51e2b239b,14,QI684e5bdc
486266,72bcfc36a1daec438b18,14,QI72bcfc36
429805,734f986703db2b013c3e,14,QI734f9867
637962,754285200e5beecced4d,14,QI75428520
582164,7829bc0068b340bec193,14,QI7829bc00
523683,7b65805c64de13641d0a,14,QI7b65805c
667922,7f15f9330a3a72ee57ad,14,QI7f15f933
514964,83a2961c221d6829beb6,14,QI83a2961c
577609,86b8a03db3c870c41e6d,14,QI86b8a03d
542769,8cfd6c026864794d427b,14,QI8cfd6c02
439177,9652749f26ed9274a7b7,14,QI9652749f
432580,9793c3f269801587a1e8,14,QI9793c3f2
541330,97aedfd85bc830c9aa7f,14,QI97aedfd8
670802,9a5ecf379039e0f47468,14,QI9a5ecf37
457506,9cbe1a7b2dd6229f5ff3,14,QI9cbe1a7b
536035,9f820976cd79c7e72a54,14,QI9f820976
504331,a35211b26f161d15eb5d,14,QIa35211b2
523112,a9a77723c6cda709ea25,14,QIa9a77723
272165,b4876b4854a75fb9e613,14,QIb4876b48
270306,b52f40c7f61c2b64b729,14,QIb52f40c7
521091,b88da51c850278b92eb7,14,QIb88da51c
414476,bbdf657952042ea86c90,14,QIbbdf6579
549944,bda348e0a544c3a96341,14,QIbda348e0
450625,c120bdaf08807cf838cb,14,QIc120bdaf
585631,dd32ef3aeec2de0ae289,14,QIdd32ef3a
479002,df21646e41b715b43de5,14,QIdf21646e
568680,e168b44f9ca3e9fd4bd1,14,QIe168b44f
439326,e27f636aad6d4941490e,14,QIe27f636a
272255,e4f73f5ff1d3a37b7d2c,14,QIe4f73f5f
350460,ed85bcb88b51fa3c18eb,14,QIed85bcb8
512563,f1be71cecc6a74ca3ef0,14,QIf1be71ce
365857,f38e409931ebac86a0b0,14,QIf38e4099
524622,f4759381d7731cc830f8,14,QIf4759381
432643,f4fc12582886d6526dad,14,QIf4fc1258
434934,f74f3fe7c86b1c4123dd,14,QIf74f3fe7
530481,fb26f705dd5b4fd48d70,14,QIfb26f705
483067,fb4b50e931952be9f87a,14,QIfb4b50e9
557103,0141b6a8828eda4eb542,13,QI0141b6a8
530195,015efa077af9290849aa,13,QI015efa07
531981,03178b5a336f3adbd85b,13,QI03178b5a
493232,043dab377289353ae937,13,QI043dab37
553685,0855af0f77242c4ba437,13,QI0855af0f
420373,09499e6955082f43714c,13,QI09499e69
487631,0a3222d228304f8182df,13,QI0a3222d2
422490,0e9e7d8f44b2f03c25b3,13,QI0e9e7d8f
668628,111df107cd6ac9635c6f,13,QI111df107
150265,148403203ed7135a0067,13,QI14840320
434257,15b23e9de4005f07d1c0,13,QI15b23e9d
499691,1771dd805a32ff1f5d84,13,QI1771dd80
485352,2210192fe7fe9ff4ba56,13,QI2210192f
444799,312e5a58921cb1011212,13,QI312e5a58
380155,33c26dc7921a20a393c6,13,QI33c26dc7
515847,34d2c7b02c2673082bae,13,QI34d2c7b0
519144,42473840060ec161f4b8,13,QI42473840
441616,43b7df3c5b9e477efc7a,13,QI43b7df3c
519707,49ef9a8010c8f389b78b,13,QI49ef9a80
521229,4aca8c2b930d6cdf6016,13,QI4aca8c2b
518260,4b0a53ead20a46d5f5c5,13,QI4b0a53ea
536137,5c8d49babeca85464fc7,13,QI5c8d49ba
513633,5ed1a564406bb6d76231,13,QI5ed1a564
424464,6cce97e349c30356abd3,13,QI6cce97e3
668831,6e09b2e0431bff300b1a,13,QI6e09b2e0
670977,710e1c84c4f285187262,13,QI710e1c84
670088,72ce2a38cf0649344d76,13,QI72ce2a38
422392,7530050f6d190fa316a0,13,QI7530050f
536389,8565616d9ce3bd237713,13,QI8565616d
426905,8f576ca4aa44fce0d6ba,13,QI8f576ca4
515149,92b1828fa1b0ebffef72,13,QI92b1828f
667857,95d079f88980b952c612,13,QI95d079f8
528163,98bedd0551483cbb8ae4,13,QI98bedd05
669953,9bca7e7b6d55e054398d,13,QI9bca7e7b
648274,9fe2aa3296930b60b086,13,QI9fe2aa32
481423,a287501ad2c877108143,13,QIa287501a
422883,a2b0b35c56fb54c1a3d0,13,QIa2b0b35c
551672,aef0a00504a128e7e186,13,QIaef0a005
427701,b16cea88186d5dcff9c3,13,QIb16cea88
428506,b1b40229a4c9f90886b2,13,QIb1b40229
517983,bd0c3edfb34350ab48ba,13,QIbd0c3edf
667899,bf576b601a749a0dea34,13,QIbf576b60
536468,c1a63cd6c6aeb35d0ec2,13,QIc1a63cd6
646524,c38da47077175d970b91,13,QIc38da470
422333,c8e97fd7f134c738d0dd,13,QIc8e97fd7
499050,ccd32f76cb94a990c4d0,13,QIccd32f76
496148,d1b8d191dc9158fac460,13,QId1b8d191
522945,d7b32fef6ed22cde600b,13,QId7b32fef
516768,de4d79352ba743a380d3,13,QIde4d7935
493855,e0cc8c01b2b5e5635e9e,13,QIe0cc8c01
646625,e87384ce0a545c9a0cb9,13,QIe87384ce
540197,e9d1ba17d2f8acb42af8,13,QIe9d1ba17
440311,ec8e7cfd4995f225e3d2,13,QIec8e7cfd
435359,eddfecafd6f32ab6f34d,13,QIeddfecaf
593779,f212053700a34200def0,13,QIf2120537
538882,f411f49e36302e7c7e19,13,QIf411f49e
595513,f72762d93f390c60be67,13,QIf72762d9
438594,f7d6c2ba3c3853df5ffc,13,QIf7d6c2ba
502703,fbc51285b80e3a3e6023,13,QIfbc51285
675496,fc5848fcf0fe221037f2,13,QIfc5848fc
530772,001eebccd9b089619107,12,QI001eebcc
492228,030cd1f6661f471bde50,12,QI030cd1f6
491514,05fa6109e15e8aa8fad8,12,QI05fa6109
381257,0a8d69bccf552d8278dc,12,QI0a8d69bc
412340,10cb2dbd2b4c859a72b6,12,QI10cb2dbd
499010,11866835b8925d4950a2,12,QI11866835
491252,13c59d08625775d31310,12,QI13c59d08
529024,18dbfff76297b164c9e6,12,QI18dbfff7
519492,1b684415148d10becef4,12,QI1b684415
624260,1bff5de916634455df26,12,QI1bff5de9
508602,1ecf5d8f3045c07bceb5,12,QI1ecf5d8f
519594,1ff5bd44f0bb609e88fd,12,QI1ff5bd44
616899,265fe6049816e2ba6193,12,QI265fe604
453807,276dc8a2bfab3798b610,12,QI276dc8a2
668354,2a1995331e24471f8a26,12,QI2a199533
422121,3361a0561f58d9d811c4,12,QI3361a056
518733,34a69c2edc06cb633b83,12,QI34a69c2e
438319,39ebab1347ddb250c371,12,QI39ebab13
426157,3f5778ce2e8b0deafacd,12,QI3f5778ce
646133,4f5fdb16c76c95fa6e21,12,QI4f5fdb16
424563,52cc1a5351253cf77a17,12,QI52cc1a53
625153,5630e686268a34ad0cf9,12,QI5630e686
672408,57d9476163c14181e8e0,12,QI57d94761
435671,5cd25903aef209bedfa2,12,QI5cd25903
486705,5e8ed7a5755b99261f2b,12,QI5e8ed7a5
485286,60e3dd8f9393643ba060,12,QI60e3dd8f
533452,6b4f419016f7fab72db7,12,QI6b4f4190
650183,7167081b5f5e0d3d9d72,12,QI7167081b
426735,758c80335620e2234f15,12,QI758c8033
547133,76bd5e2d069a829b60c8,12,QI76bd5e2d
364363,797513c80bc15aa77490,12,QI797513c8
594480,813a1a4e35df653506de,12,QI813a1a4e
671750,83d98b13b4d6643e0547,12,QI83d98b13
439248,85542dbc31890445ac43,12,QI85542dbc
422201,90e5b8af788305b241f7,12,QI90e5b8af
454050,922b7107b641661390ff,12,QI922b7107
421603,94666288f8e1049ef4f5,12,QI94666288
470294,951d5935c2042c1ef341,12,QI951d5935
489711,967cb769a8d47aa9d46f,12,QI967cb769
478830,974db5546ab5a5b0bc70,12,QI974db554
329270,9b2654a5d56b88f65c42,12,QI9b2654a5
651997,9bce9298e6240bc9be49,12,QI9bce9298
579897,9cae94eddb83201aff35,12,QI9cae94ed
426417,ab90d52cd8a9998e06d4,12,QIab90d52c
563470,abc006901d5a7b27ee59,12,QIabc00690
497385,b07dc6dc15a24b4fb271,12,QIb07dc6dc
495160,b28b27d4ec221e313ee5,12,QIb28b27d4
565398,b46281a158a73fddde73,12,QIb46281a1
503456,b9cec8cf5e0a5f5df91a,12,QIb9cec8cf
675515,ba99f6a3a1814f72881f,12,QIba99f6a3
551219,bd70bb60ab7c9d36f345,12,QIbd70bb60
590161,be520e7b4233875d37fa,12,QIbe520e7b
529705,c3b592fd6b61d86e1175,12,QIc3b592fd
432206,c976b0f5369141de40b2,12,QIc976b0f5
579531,c9dbe6ba14d2cf149d41,12,QIc9dbe6ba
600334,c9fce8b79474b4c4ac4c,12,QIc9fce8b7
545627,ca117965891d28d49f3d,12,QIca117965
422799,ca9c2a51e94d4c96f85d,12,QIca9c2a51
646491,cb5f0d9f201d17df6458,12,QIcb5f0d9f
488772,cc277509b9f6ac3dda0b,12,QIcc277509
676616,cff31e4a4c9ffcfa19b6,12,QIcff31e4a
419913,d20e71c6026b97b5c991,12,QId20e71c6
381285,dc6a12192771b1762a55,12,QIdc6a1219
453609,df1e84538517cb56938f,12,QIdf1e8453
316667,e50d5b7a790623fbc51d,12,QIe50d5b7a
328823,e67d14231bd2670e6f1f,12,QIe67d1423
328822,e98011fd9c5397127c04,12,QIe98011fd
674014,eae28990c55c9cb10a3c,12,QIeae28990
669464,f037ddff318808b2681f,12,QIf037ddff
526224,f1ff8f8dcbffb94985dc,12,QIf1ff8f8d
501075,f309aa7270fb51b91be9,12,QIf309aa72
373098,f3fad92f83e32f535e6e,12,QIf3fad92f
669114,f4f9d65094787cee461b,12,QIf4f9d650
542305,f5fb18f06dfdf7a3905c,12,QIf5fb18f0
422938,f86bb0dc8679b313e268,12,QIf86bb0dc
672668,f8748c83fc4c680f0e7f,12,QIf8748c83
338528,f9908165b80f4905eaa8,12,QIf9908165
644616,f9e70a78e477e0ac5b89,12,QIf9e70a78
549726,ff98dd1f2647c4b71848,12,QIff98dd1f
552257,010cadd74050e7922b70,11,QI010cadd7
487478,0379ed811df265d94cb1,11,QI0379ed81
516741,0468ee883db9fba63304,11,QI0468ee88
519399,17c10e5984d18896078e,11,QI17c10e59
444176,1df1cd72f85a90d7a960,11,QI1df1cd72
672351,2435cfe12830da49b5bb,11,QI2435cfe1
515995,285711092a434c98e9b7,11,QI28571109
486295,29de6e01a159ed905d0b,11,QI29de6e01
668383,2acd96bc2d0e533d50fb,11,QI2acd96bc
435300,2c4b2fc8d37f4b214664,11,QI2c4b2fc8
652899,2f82ac4329d0375e2d9b,11,QI2f82ac43
515349,35f92e0fb679349d202b,11,QI35f92e0f
499682,36276bdf9226338c78fb,11,QI36276bdf
529429,38089cdb13927a122ae5,11,QI38089cdb
445990,38c96765c7f8a429b9c5,11,QI38c96765
164730,3a4b92aca88744d5ddd4,11,QI3a4b92ac
615634,3cb7295f025ae49ab26e,11,QI3cb7295f
672562,44138d69e66f47c67f3e,11,QI44138d69
422966,47b6d032e3ed6003654d,11,QI47b6d032
422598,52ba4080f704c1acfef6,11,QI52ba4080
561935,53132442da6a19a2bae5,11,QI53132442
520399,59dff1c10bf3e841fa31,11,QI59dff1c1
491586,5b5cc0a79baa9fd1f1e0,11,QI5b5cc0a7
413708,5c04508c69b1dea5b01f,11,QI5c04508c
553677,5cc5ab27897b9d40181d,11,QI5cc5ab27
481532,66178d960ad2d6180d07,11,QI66178d96
434086,66973047fa22633f2095,11,QI66973047
537419,6910b2fe6ccc88a01b8c,11,QI6910b2fe
524154,6a69fcddb9b447264778,11,QI6a69fcdd
414568,6af5d67f8fba66fd8167,11,QI6af5d67f
571014,6c6c5291c891e557ba42,11,QI6c6c5291
480940,6d68d5b55ca78874c8bd,11,QI6d68d5b5
587514,6d75c737581331974db8,11,QI6d75c737
671143,6fee9c23695f322e0291,11,QI6fee9c23
675305,77f0f6be4cc5bdb9cfcf,11,QI77f0f6be
661413,7d273089c55eeef32038,11,QI7d273089
609314,811867723f16d2b53f78,11,QI81186772
550731,871044267f41d9217f8c,11,QI87104426
676017,8beecf4e580f311236c8,11,QI8beecf4e
482721,8e6f629550b25521b7b7,11,QI8e6f6295
431015,8ecb603a490a546caaea,11,QI8ecb603a
439714,90ce20809e0dd70f5956,11,QI90ce2080
440552,90fa5cdfa0eddbd78431,11,QI90fa5cdf
584,95e7c434a69be57cc550,11,QI95e7c434
387617,aa55cf82442ee4c227ab,11,QIaa55cf82
561575,ab03cbe1203ea6478c9a,11,QIab03cbe1
668840,b2292c4d34515a135640,11,QIb2292c4d
485715,bb227ae13abc83364bac,11,QIbb227ae1
527227,c3eaa861a969d16cd2d5,11,QIc3eaa861
633434,c456d685b9b7dd1c33f6,11,QIc456d685
559243,c640c3ac399fbf99df0d,11,QIc640c3ac
555203,c7914db8793a66fa0af5,11,QIc7914db8
552458,cc8a5ca301f52e350155,11,QIcc8a5ca3
555188,cd0ec3f86f115b15f79c,11,QIcd0ec3f8
141049,ceaa17e7377a2920096b,11,QIceaa17e7
539653,d02e240387fd0d5723f7,11,QId02e2403
582476,d4ea805e282c079e77f9,11,QId4ea805e
543492,d8573493e0d64b2fe5ae,11,QId8573493
433992,db753ea4d85fcc25cfde,11,QIdb753ea4
555191,deda1e406087c65bf805,11,QIdeda1e40
421098,e00e7d15c25bc651f49b,11,QIe00e7d15
501408,e0ef630698b177d2bdd8,11,QIe0ef6306
573645,e101fdde1d04ea60b831,11,QIe101fdde
669064,e326389cf3be9307a0b1,11,QIe326389c
432587,e71f40a1961afd5d094e,11,QIe71f40a1
668187,ea5a2a10895a6cc82134,11,QIea5a2a10
435055,ed0294510f603a4c885d,11,QIed029451
508365,f088bc7da3045531f308,11,QIf088bc7d
497408,f2c71e672089fd63980d,11,QIf2c71e67
424468,01c74a8395c2583a6ba4,10,QI01c74a83
537242,031ae66d5484d97319a7,10,QI031ae66d
564520,045ccd6fc4cc221be7d3,10,QI045ccd6f
671250,056c3e9032fcc2977d10,10,QI056c3e90
670989,06321b3f5f452a7da600,10,QI06321b3f
520523,06b668731c84aa420ada,10,QI06b66873
520923,08f095ecaecdeee98a61,10,QI08f095ec
676343,0ad6dc334dce7528cf17,10,QI0ad6dc33
551321,137cf38cfbc354d3423c,10,QI137cf38c
470271,1395752c1ea9a3435600,10,QI1395752c
491069,19c6be8c15976a57439c,10,QI19c6be8c
523369,1cae9fbf1a4eb316f663,10,QI1cae9fbf
539368,1fb4e946a7eb83630639,10,QI1fb4e946
481442,203321e40f3a9e64644d,10,QI203321e4
492492,240d290f1027a52458e0,10,QI240d290f
488856,294c0acecd5e08985231,10,QI294c0ace
608519,2a2d30c1991b9ea498ec,10,QI2a2d30c1
482220,2dd43519d15787876ee5,10,QI2dd43519
550564,2f8613db914b6faa45d3,10,QI2f8613db
416678,318ae60c84f1231cdf52,10,QI318ae60c
485551,3625334c8ace1b3c999a,10,QI3625334c
673784,3ad263f2b9bbd7420128,10,QI3ad263f2
557437,3cba04b8ce11e98dbca2,10,QI3cba04b8
672767,3e43cc1e8efd09cdba0c,10,QI3e43cc1e
434937,41055ce2d3f85c4bf434,10,QI41055ce2
500486,4173159c424d42150618,10,QI4173159c
507217,432035b06752ffcc3d3f,10,QI432035b0
563264,455d2cf1dab6749f5068,10,QI455d2cf1
447349,4565a1224a14f9bd3bb9,10,QI4565a122
542066,48c98a7318f014a08a6a,10,QI48c98a73
440586,4bd400fdeb77b1736ce5,10,QI4bd400fd
428763,4c86d8624a85c2647c77,10,QI4c86d862
569869,52a692632e28c26f8c9a,10,QI52a69263
450630,541b334d2efd252eee96,10,QI541b334d
433035,56719d205d7da0f0e30a,10,QI56719d20
422616,5bc98570a13d1ac7cc6a,10,QI5bc98570
529808,5c36fe97c4cbd629f7ad,10,QI5c36fe97
531048,5f39bef0a3a9c61ab299,10,QI5f39bef0
669796,5fc498f50b0fbc97cb6b,10,QI5fc498f5
499049,602e7bca4f2fc71f19f2,10,QI602e7bca
422612,683af13cafae6e965593,10,QI683af13c
540772,6a54afb17b5d13f3e7b1,10,QI6a54afb1
584084,6ab8d583f666dff20f6c,10,QI6ab8d583
542975,6ae16931180cd9e8f372,10,QI6ae16931
517332,705ff841593194c0e838,10,QI705ff841
92864,723f1fc0e5de60b93c42,10,QI723f1fc0
511498,73193d7c36a0194a5285,10,QI73193d7c
508656,75aa87c9c0f284759f90,10,QI75aa87c9
676583,7d6ced9337003e1927ce,10,QI7d6ced93
668285,7d816e198564e3c2182e,10,QI7d816e19
543323,7e6f335e509d6d83d51a,10,QI7e6f335e
423092,7eaf2c328209b35bfa0e,10,QI7eaf2c32
509508,852cb9f7f7760b048d1e,10,QI852cb9f7
519364,8772d6af0871130cf67a,10,QI8772d6af
625143,8d75d0d1cb562ec59d11,10,QI8d75d0d1
514782,8d7667a8b7316fbfdcec,10,QI8d7667a8
662218,93a30e8dc0f5d22ef901,10,QI93a30e8d
508880,93e81726edeb5b0842b6,10,QI93e81726
417066,9b1b2e932aacfc842a60,10,QI9b1b2e93
501428,a2925f562dd903c7c5d0,10,QIa2925f56
440525,a487f3a01013edd4b815,10,QIa487f3a0
538124,a7fd4e39c8c772b1bb9a,10,QIa7fd4e39
417900,a848092fbe6ea1304213,10,QIa848092f
676649,aa4e850eea8fff69f6bf,10,QIaa4e850e
520037,adc6e0884ec74bfd5680,10,QIadc6e088
563710,ae0b7a20a31c6d681494,10,QIae0b7a20
431832,b05abe444df6f62a6ffa,10,QIb05abe44
676229,b89cb6b912cb76c7742a,10,QIb89cb6b9
479465,b94fc3a2a136d15feac9,10,QIb94fc3a2
143161,bb46be5fbc71911defd3,10,QIbb46be5f
489638,bdb45d910a8ec98bfa06,10,QIbdb45d91
317734,c23d21c1ce6221294b12,10,QIc23d21c1
427451,c2b145618cd607b8a3b3,10,QIc2b14561
412790,c933a46df66999a78d6d,10,QIc933a46d
504793,c9980845c038341dd10a,10,QIc9980845
565492,cc199dab5d2e434f4a0f,10,QIcc199dab
381146,d14818d4faeccc5ad4e5,10,QId14818d4
668239,d33c9392e09fa9e62bb1,10,QId33c9392
487120,d38ec7d5cfcfb1e72851,10,QId38ec7d5
490120,dc0530a045db9caff5e2,10,QIdc0530a0
437586,ddd7420c8964e7b485d0,10,QIddd7420c
603806,de54268bd4dcbf5d4b68,10,QIde54268b
464478,e057a14856db743b5db8,10,QIe057a148
427991,e21a792e6485a225c7c3,10,QIe21a792e
665255,e9836361695fc7bbfc37,10,QIe9836361
665739,ef7d0cb2f96eb2162b07,10,QIef7d0cb2
668732,efd27e5e3f71ace6bb1c,10,QIefd27e5e
538310,efe437e8b121e34a6d70,10,QIefe437e8
523073,f50a0dd89b6f95c29654,10,QIf50a0dd8
575034,f551ec6dab57521f216d,10,QIf551ec6d
535855,f5b3b9856ea138a00c21,10,QIf5b3b985
508106,f87cb84a38e3d95adf21,10,QIf87cb84a
528377,fc6f7558f60fc01626c4,10,QIfc6f7558
