line_number,user_ip,classifications_done,assigned_name
83011,82ebe266250a480e8aa2,1287,QI82ebe266
24085,dcc13549c13f2939c611,489,QIdcc13549
23015,8a157dde22e1f8179940,378,QI8a157dde
13414,dca1aa70cf44d6706b27,275,QIdca1aa70
98549,bc77afb56758de159682,251,QIbc77afb5
67856,cbff7352e6ad9c9cd7b4,215,QIcbff7352
62210,bf04d4da88b30df3df07,208,QIbf04d4da
19128,5571b9c1c684eeaf54c7,187,QI5571b9c1
13297,6b05001b6b090966ad42,157,QI6b05001b
64866,01efdfebd38fbb2d1a7f,154,QI01efdfeb
12602,3fdc1d4d281d6cc53de1,151,QI3fdc1d4d
98354,2e5a0353fda16c66cb98,145,QI2e5a0353
95245,decc1b5181c56b00f899,141,QIdecc1b51
87201,289a1c39eff097521cf2,140,QI289a1c39
52794,fdc5e6d30fc64bc79271,121,QIfdc5e6d3
11957,dc4b79dab6b36a1fe4d3,119,QIdc4b79da
14702,5a969f66ee7e84d38fad,106,QI5a969f66
20144,31b8c2aaf50b2a75ca22,98,QI31b8c2aa
97059,5bd1ca30d4a67bc19d91,98,QI5bd1ca30
33259,8d9d54c27637221cf4f6,98,QI8d9d54c2
98376,e7393109a9393f5cb50e,98,QIe7393109
69252,a9a911fe55e45fcc82d8,93,QIa9a911fe
86319,e94491638b6017b9ff2d,93,QIe9449163
54951,dd1a289ade24ca2b0344,91,QIdd1a289a
73627,107b462d1ff95b0b0d52,90,QI107b462d
38504,9931297447339507efee,88,QI99312974
14276,c9a6ddb56853d66574a9,84,QIc9a6ddb5
21302,662c0a6e638c503fe8be,82,QI662c0a6e
55955,b4b1d44e47523a1600e4,81,QIb4b1d44e
12819,c5811a0580508095600f,81,QIc5811a05
68920,975aaaed35e4b1b52f68,80,QI975aaaed
73095,cb1027529d246edbe6e1,78,QIcb102752
73294,192709e66e92c339e2b3,76,QI192709e6
48440,8d9390e0e0aa50051f7f,71,QI8d9390e0
74525,a21862e15437e0e02b3e,70,QIa21862e1
76817,c48817b36c55fba59210,70,QIc48817b3
78195,31812af9278a03ed8911,63,QI31812af9
22344,fc975e75b93ba3792f9d,61,QIfc975e75
76629,40aae8ac53c9d32673fb,59,QI40aae8ac
95012,829823e5de4a1cdcde15,58,QI829823e5
97820,c2f8862e406ed9b1d6ef,57,QIc2f8862e
86230,c62e2a8fa6f63fd57787,57,QIc62e2a8f
51537,c5861ed90f7199936084,56,QIc5861ed9
78929,4d02d08e820a62a0667c,54,QI4d02d08e
19906,ff350988b359def843b3,54,QIff350988
52744,c14df4388edf01be1cb7,53,QIc14df438
15482,7e5351b86a1735b8eef6,52,QI7e5351b8
13911,2262a04a9152aa28c580,49,QI2262a04a
21842,61700715f76c40f5299a,49,QI61700715
88329,8b128db8c26ede5558b5,48,QI8b128db8
37406,2dc34a51000821f14612,46,QI2dc34a51
57838,bd6867cecc23a4973fa5,45,QIbd6867ce
28290,3edabd95fb2a938835a6,43,QI3edabd95
68349,471979fba79821b20b0d,43,QI471979fb
58036,05604f55e4dd90c95136,42,QI05604f55
68169,4ddb2cf05e8cbc0e16f5,42,QI4ddb2cf0
70537,082636fea743211ab7b2,40,QI082636fe
26539,7c76dc6993a1f2ec6881,40,QI7c76dc69
98504,d60c8c508b4dfcede35c,40,QId60c8c50
18147,0d8da4c227175848b492,39,QI0d8da4c2
12581,1d2ac8bf7df066da236f,39,QI1d2ac8bf
96506,54d0142ea50bc873523e,39,QI54d0142e
50102,674f8ec3d08f4a6f9b74,39,QI674f8ec3
70545,1885510617b3e431739e,37,QI18855106
86627,19486933c3c0a9e26db8,37,QI19486933
11746,25a402f3198a555df6c7,37,QI25a402f3
45832,99e4c3735bace2298504,37,QI99e4c373
95172,c8e19f02056b29abf8f8,37,QIc8e19f02
78841,3b6163eb02e05b46e0d5,36,QI3b6163eb
76998,9852f1d410bff86a271c,36,QI9852f1d4
49398,4d58009c89354fb30dd4,34,QI4d58009c
56143,03357821cba398118fb6,33,QI03357821
89008,8107dfd3ced2839698bc,33,QI8107dfd3
17023,b222c1e0d863154429d3,33,QIb222c1e0
72082,011e3ea2204fc0b3e7f2,32,QI011e3ea2
71616,1044d38a691f0103076c,32,QI1044d38a
38594,337b6f91513659b9973a,32,QI337b6f91
22950,82af50455be26b5971c9,32,QI82af5045
89031,c7699f217c5847af9eb8,32,QIc7699f21
46881,d3e1aa894cffe71ad6cb,32,QId3e1aa89
21862,e932ae615addd25f212d,32,QIe932ae61
49784,472c71e09cf0296a3495,31,QI472c71e0
22842,5a1fff8fda23f0da16d6,31,QI5a1fff8f
62568,8d72a17180ba8619b25c,31,QI8d72a171
39233,2d00d2efebceaa53547b,30,QI2d00d2ef
89734,7848537cc48190129832,30,QI7848537c
89170,80ac33a3d88ffbf3cae2,30,QI80ac33a3
12679,a3e2db437954841383f4,29,QIa3e2db43
39325,e6793215c0f97c9a9a0e,29,QIe6793215
95630,1fd2738840cdb5d2c349,28,QI1fd27388
12597,7f0fd882f3b54fbdf64d,28,QI7f0fd882
29977,82f6ba494326eaab8726,28,QI82f6ba49
81622,8798963655355b5c494e,28,QI87989636
14510,a86709e3bdb0bc294c08,28,QIa86709e3
14600,b1a982fff1b4d8d0cca1,28,QIb1a982ff
14479,b4b3a3daf31f2044ca7e,28,QIb4b3a3da
61859,3c23aa00783fd90240d6,27,QI3c23aa00
51304,54cfb0521c936d0f576f,27,QI54cfb052
96115,ede01e29060a5903ecd6,27,QIede01e29
21699,fcc301dfe704cdbee9cb,27,QIfcc301df
67721,2675cabd0ed1a4503413,26,QI2675cabd
85786,f3110ed96d05a64dc1e9,26,QIf3110ed9
12706,01d344a4cfc6210a35ad,25,QI01d344a4
96007,11000e44878f0255e6d9,25,QI11000e44
87338,3c96da7ff1deda20f157,25,QI3c96da7f
84085,3ec1edb778de47595d5b,25,QI3ec1edb7
39537,5ffaafa2f43aabb94533,25,QI5ffaafa2
25211,c7fa0544569c73d4bd6e,25,QIc7fa0544
79454,c96e82f50761ca9d97b4,25,QIc96e82f5
18538,ca3ebe2ce719ad961928,25,QIca3ebe2c
37698,01ba3844a97b95da0416,24,QI01ba3844
98189,09687ba9a773e5fd577f,24,QI09687ba9
40401,11f4d092fa507f178571,24,QI11f4d092
18061,229a4fbdd97a7bceca74,24,QI229a4fbd
89409,4baeec118afab352b06b,24,QI4baeec11
92158,7b2b62f389366e7d0515,24,QI7b2b62f3
97563,d5ed1829e0f9109f0b66,24,QId5ed1829
86404,0674284139844675c2da,23,QI06742841
30759,0fcfc4435f9902921385,23,QI0fcfc443
74191,4b4c6fc0b3cec087fcdf,23,QI4b4c6fc0
19483,a74d743d29f63f0230ca,23,QIa74d743d
87712,d7a4a965f7dd672d669b,23,QId7a4a965
14890,da6aabf2145768cf4f3b,23,QIda6aabf2
18469,e8fefdc81893409f4e4f,23,QIe8fefdc8
24042,2636eb067c93e7844d2b,22,QI2636eb06
79532,491180f16d71d9d5ed3d,22,QI491180f1
64021,ad1ae7a29f19c06c84b6,22,QIad1ae7a2
36788,cadd0875b1d700a63d9d,22,QIcadd0875
47412,cfe080b1c69954798583,22,QIcfe080b1
16649,dd0f73b4534115007ad3,22,QIdd0f73b4
47653,109eace2fe19fb628207,21,QI109eace2
39288,797551c3feb6be9dd985,21,QI797551c3
14476,87dc1eb1e77dff87bfda,21,QI87dc1eb1
21697,8e0b2fad02d1d0156649,21,QI8e0b2fad
54113,a5509c9f2acccc41ba9d,21,QIa5509c9f
38862,0b6f7b5e6e978116759e,20,QI0b6f7b5e
97802,2b91ccfce7f68d617c1e,20,QI2b91ccfc
98305,4c46f30a56e32f22c5e2,20,QI4c46f30a
14788,746686d4d209eca70911,20,QI746686d4
26314,840d26242e376f534cab,20,QI840d2624
74068,b585305403ac9718ae03,20,QIb5853054
13681,c3cc2a665b47139db792,20,QIc3cc2a66
97179,d7cdc72bde7a085da09c,20,QId7cdc72b
16677,eebebc2bfc9a4705d0b6,20,QIeebebc2b
97686,fc9cdf96fbc256ac54a2,20,QIfc9cdf96
31776,2261312de1168db51f10,19,QI2261312d
83621,445a3fff0d59295d5df4,19,QI445a3fff
63586,4803853a3b7f9d30d659,19,QI4803853a
78161,6b53b1e3a99ba4c84b3c,19,QI6b53b1e3
31068,7a0034079f4440c173a6,19,QI7a003407
91222,8b189587dc3bb92a8e98,19,QI8b189587
82348,9e4eec3aa7212f2cb533,19,QI9e4eec3a
12840,a5ad479b21cb3021190f,19,QIa5ad479b
90567,d85fb0b3aea8d97fdeca,19,QId85fb0b3
44601,ff069976895f6ae9a0aa,19,QIff069976
92157,051f4b46d37ec1bf7474,18,QI051f4b46
62089,30206665413de7618362,18,QI30206665
16532,822638f91a1b1b18c0f0,18,QI822638f9
25124,8effd1b33ca53f14461c,18,QI8effd1b3
30245,9fd4966623d0fdf9cc70,18,QI9fd49666
52805,a52e1c3b901cdd2f1ec2,18,QIa52e1c3b
34853,ca793dc9306dad1aff32,18,QIca793dc9
28971,d192982a0cfd416fc9fb,18,QId192982a
46439,f3d5697f70483c7cc22f,18,QIf3d5697f
27842,f8de742f56bf5385cdcc,18,QIf8de742f
16541,ff9f8130de1b7935134e,18,QIff9f8130
18189,12711aa25fd34178f496,17,QI12711aa2
74380,2a89c15deb3e9736da0c,17,QI2a89c15d
26294,34d50ec993c51153bc12,17,QI34d50ec9
42537,39048837be29113f88f2,17,QI39048837
20456,4fe75f888cb169188740,17,QI4fe75f88
96116,599dbb5e561b416cf67b,17,QI599dbb5e
41192,71e379a6cd5385e89a8c,17,QI71e379a6
95531,7cd87c5cce4d92178e73,17,QI7cd87c5c
70393,8b6c7caa60ecccba7549,17,QI8b6c7caa
19215,91b8bd90b1c0285a364e,17,QI91b8bd90
27681,a4ba3663f092b2e6c6e3,17,QIa4ba3663
23335,b27d555dff32c331331f,17,QIb27d555d
76963,bb2dffb9ca663af9a16c,17,QIbb2dffb9
16859,d48f4d55c352c205a8c7,17,QId48f4d55
16316,e18ad8a746a52a56e48e,17,QIe18ad8a7
19589,fa25263efad42bb56108,17,QIfa25263e
21525,077ecb2ed213168ad9b8,16,QI077ecb2e
73173,09ddece283db95ff4f27,16,QI09ddece2
15535,2c7843b77d93267d5235,16,QI2c7843b7
85573,406d900cf9c8d69b99c7,16,QI406d900c
42388,44f09ab70b4275e8a11a,16,QI44f09ab7
22692,5991c59b74647e15e288,16,QI5991c59b
93053,60ed7bda56edf9532a55,16,QI60ed7bda
12037,80010bf0aff6ffe9663b,16,QI80010bf0
19955,9625e859ea040736cb27,16,QI9625e859
64805,9745861b63223f9d5a7a,16,QI9745861b
16145,a48a8577ee4d37322c4d,16,QIa48a8577
68061,b65e937c4801b913dfdc,16,QIb65e937c
67028,b74b138ce804ac2b4f1a,16,QIb74b138c
67584,ba674dd45030584a5eab,16,QIba674dd4
97151,bab1bac296d90851bdef,16,QIbab1bac2
89206,f8b0a27213156ecdfb61,16,QIf8b0a272
12129,06458fdf899ffd2c6aa3,15,QI06458fdf
28555,0fa63e1f291111a47fb6,15,QI0fa63e1f
15046,13fed2fa95f979f70d1c,15,QI13fed2fa
86458,15f3b64f6b68bb141451,15,QI15f3b64f
90390,19a274026d778e6803c8,15,QI19a27402
78872,1b78706119cf178eef43,15,QI1b787061
28205,2094a9af83bf64238263,15,QI2094a9af
18949,228aa5ba535c68bb20ff,15,QI228aa5ba
24610,24fdcad82de28ede4ee2,15,QI24fdcad8
87034,27bda7a4b7e504f83b8a,15,QI27bda7a4
64614,2d40c4e11f23be5a1a52,15,QI2d40c4e1
53100,35aed4ac900227bd340f,15,QI35aed4ac
26320,3e5636d68d83782be33d,15,QI3e5636d6
93192,401d9c20e1098289b92c,15,QI401d9c20
51893,450349d854638a735272,15,QI450349d8
11947,6710686017c52324a8f6,15,QI67106860
14373,713242ab623a2f768e79,15,QI713242ab
53853,89fabf6b69faa7b97d15,15,QI89fabf6b
11736,bde8169c8a499b55d124,15,QIbde8169c
15698,ca5a3d4e79586c1fef8c,15,QIca5a3d4e
65914,d0d5417047597efb7f13,15,QId0d54170
70949,ec795583f5cfbe6adba0,15,QIec795583
33332,fa83052adfd100599d30,15,QIfa83052a
84357,ffd4d64f6f17a0e66a88,15,QIffd4d64f
18086,2bf522c7f945e803c5fb,14,QI2bf522c7
98010,2fd0dec6c2540c0c3475,14,QI2fd0dec6
94249,36092f13381cb48d6bdf,14,QI36092f13
13591,3635158f24113a592a55,14,QI3635158f
97959,37eb5178ca461f4dc7f1,14,QI37eb5178
15814,3b58229dabe2552a19f0,14,QI3b58229d
62111,51cb8affc359aee4d393,14,QI51cb8aff
78666,5d74f16a7f549c4e5583,14,QI5d74f16a
57386,756e4a64a149346f98f2,14,QI756e4a64
97906,90aab6642e0111ab76c9,14,QI90aab664
12673,99bf25387a91de9b1c5d,14,QI99bf2538
97674,9ac27d36138fd5eb326d,14,QI9ac27d36
39434,bbc00bf99a4317894a8f,14,QIbbc00bf9
53042,c4b4eeb4c9042e5d3d6a,14,QIc4b4eeb4
52189,d1cf40b4e3a121a3b9f6,14,QId1cf40b4
18535,1e9db03709352c700f62,13,QI1e9db037
86656,2c58611f4f46ebeac609,13,QI2c58611f
16808,2ec6e64f78a3fd5bb93a,13,QI2ec6e64f
15006,36a18396aa4cfb066794,13,QI36a18396
79172,4da1a134f2208e8cdf0c,13,QI4da1a134
52436,56bdb9d8ce2029145f7f,13,QI56bdb9d8
98402,6c0e095097512fd014c4,13,QI6c0e0950
95684,6eba2810a19996963e02,13,QI6eba2810
33336,75f5331241038f30e1da,13,QI75f53312
14452,76a5887074d6191431c5,13,QI76a58870
20178,84fd0029775fd05d39b8,13,QI84fd0029
41935,852c9027f35ec80f7536,13,QI852c9027
13614,8552f9c5d0dd7d712621,13,QI8552f9c5
52633,95fd74c4ff02bae93ced,13,QI95fd74c4
84949,bfaa2a7757193886e949,13,QIbfaa2a77
47945,d6eeb7972ee9372f0a2c,13,QId6eeb797
16239,ed44601a5dc145d6bccc,13,QIed44601a
36863,efa4d0d72a04ff32fff8,13,QIefa4d0d7
23875,0113e381f80389281d17,12,QI0113e381
91630,1245a02b65ec0a8daa74,12,QI1245a02b
16620,16624e6aace4b066acd1,12,QI16624e6a
51410,1a4e0da881798ad3b0db,12,QI1a4e0da8
19701,2591c702b1b188292204,12,QI2591c702
97829,25df0d66a8d690f218ca,12,QI25df0d66
68137,2a0e0f483d8d93b54396,12,QI2a0e0f48
26619,3cd6d463b3b6670ba772,12,QI3cd6d463
78189,65fe9cfc7501d366ab0f,12,QI65fe9cfc
37448,7b04e890a2f76bc624c5,12,QI7b04e890
53324,7bc6b46d81814791655a,12,QI7bc6b46d
71430,7f87bf510142032abbe5,12,QI7f87bf51
85992,837c01d30110d6dd9426,12,QI837c01d3
65680,92a9d9c0738a5795f703,12,QI92a9d9c0
55838,a4c834c7ffbb765b09cc,12,QIa4c834c7
69687,d2b7d4c99eae3a4b1199,12,QId2b7d4c9
39257,0aba9a67f87ee9b9acf9,11,QI0aba9a67
97816,0e24b4cf629cf33587ab,11,QI0e24b4cf
32547,0f2e1cb835a25e29958c,11,QI0f2e1cb8
18409,1f43f41ebe9e041563f9,11,QI1f43f41e
68014,24f76d2a44fb860416cd,11,QI24f76d2a
11809,29cfc3b39056b89e9c7e,11,QI29cfc3b3
49633,2b9b8fbf69a94364c60c,11,QI2b9b8fbf
90555,320e27cad5cf1519889f,11,QI320e27ca
52509,39f8fb70440a7f964062,11,QI39f8fb70
23124,3aecda5cca0cd55aadbb,11,QI3aecda5c
46243,458a3f8fe99aebeb78dc,11,QI458a3f8f
88276,4766fafed248121d6728,11,QI4766fafe
76743,48ff3055331073ec79ad,11,QI48ff3055
69246,4cc31dad0715b5df0399,11,QI4cc31dad
98049,53364034d1361e503691,11,QI53364034
15676,54083e5b85dafd318ecf,11,QI54083e5b
94254,5409deefb9a7ba8fb53b,11,QI5409deef
11984,5912b15e8454bb559f12,11,QI5912b15e
15429,59ad8e657aff00e9f23c,11,QI59ad8e65
80033,5fece5a597db3c42d3be,11,QI5fece5a5
14480,70196e0bd7a8ed48b606,11,QI70196e0b
70659,7fc2bc12c110747cc292,11,QI7fc2bc12
11914,7fc81db55ceee27d75d0,11,QI7fc81db5
85136,8696aae9fbb0925e65b0,11,QI8696aae9
53671,9245dd421f4c570eb822,11,QI9245dd42
94231,92c65415b37ce45a0b00,11,QI92c65415
16339,a717541585921e904ea7,11,QIa7175415
11803,ae13ec0abb0e24ec2c24,11,QIae13ec0a
26476,aece8505a9bc2d6f59fd,11,QIaece8505
77796,b9e3e88fb97254a50634,11,QIb9e3e88f
68728,bcd49503f18d0054ee5a,11,QIbcd49503
18143,c19235dd9256c26c445a,11,QIc19235dd
43012,c3ddb7bef5a1e2022129,11,QIc3ddb7be
14796,c75d6f1d7a8d72cda36f,11,QIc75d6f1d
98192,cb2982c6448c373a499a,11,QIcb2982c6
13783,d113efaec3f80240206c,11,QId113efae
33174,d2152e4c1bd7e91469a1,11,QId2152e4c
15770,d2f47ddf10e6bda5ca3c,11,QId2f47ddf
65125,e0a208a9f8194bf41163,11,QIe0a208a9
14068,e56d1e90ebf24228727d,11,QIe56d1e90
71528,f0cb556c92e017f2105d,11,QIf0cb556c
74271,fc4f2b4bbebe5cbee5e0,11,QIfc4f2b4b
21892,fcf17ffea727a6f1e476,11,QIfcf17ffe
80174,0a8e4bf85494336a58b5,10,QI0a8e4bf8
13022,130b2b1704ca2e88e97d,10,QI130b2b17
14410,2bef5f4726c9985483da,10,QI2bef5f47
34311,2bfebe1bbd1eb35f88ef,10,QI2bfebe1b
65809,31ee4914c95d4ca953b1,10,QI31ee4914
79163,40c3a288c5e80ced1223,10,QI40c3a288
48361,4bf5be014f675eba5514,10,QI4bf5be01
13729,51e1bc5092248a1b1b7b,10,QI51e1bc50
72439,5a9209f1190f34691d30,10,QI5a9209f1
23757,661ee6b8e7931ecbcaa7,10,QI661ee6b8
97649,6cf255a5612c4b0d167d,10,QI6cf255a5
12354,733ce418ce59f3176afc,10,QI733ce418
47598,7a7f98538f9ca84a0c9d,10,QI7a7f9853
89167,7b745a85e54c3d425e14,10,QI7b745a85
98403,7e313441fbd9ffde2542,10,QI7e313441
88349,8d779b5d602c78d76c85,10,QI8d779b5d
27106,936c9a1e082a3ada87ef,10,QI936c9a1e
67776,97f8ac25414408b229c7,10,QI97f8ac25
70154,9b74978ee056e5cd8faf,10,QI9b74978e
49635,ade78417a20822a12bcd,10,QIade78417
13686,b14dc78254d317ec3e3b,10,QIb14dc782
16834,ba9934330bc43336d92d,10,QIba993433
95683,bd03e0df36f40ff7dbd6,10,QIbd03e0df
37488,befe488498a67485d40c,10,QIbefe4884
20623,c1b8fb62dd6ff2ef3cd4,10,QIc1b8fb62
57346,c286306a825f8bb6e357,10,QIc286306a
19591,c50e4d51668d8ee9250b,10,QIc50e4d51
51520,c6c178029863d6df3c24,10,QIc6c17802
13864,d32dfdaa206a4da44844,10,QId32dfdaa
60010,dc713d97c284f501a891,10,QIdc713d97
66955,ddee9ac472956e418a8b,10,QIddee9ac4
12309,e80351efc8adae0bfb52,10,QIe80351ef
47159,ef72dab16e4af4bd4e0f,10,QIef72dab1
68789,f4022ebb8b72e91b144d,10,QIf4022ebb
22072,f9856a3cdccfa1133699,10,QIf9856a3c
