line_number,subject_ids,image_number,user_name,workflow_id,workflow_version,classification_id,created_at,elasped_time,image_size,first_task,H palm,flowering,leafless
11640,4989745,20161007_Zone2_S1_039,Visitor,3130,1.13,23153238,2016-12-12 09:08:55 UTC,0:05:53,"[800, 600]",Yes,[],[],"[[111, 269, 130, ""l""]]"
11641,4993182,20161004_Zone6_S2_024,rayperry,3130,1.13,23154179,2016-12-12 09:43:14 UTC,0:00:19,"[1100, 825]",No,[],[],[]
11642,4982516,20161003_Zone4_S1_194,rayperry,3130,1.13,23155127,2016-12-12 10:24:00 UTC,0:04:21,"[2000, 1500]",Yes,"[[490, 1032, 89, ""h""]]",[],"[[881, 581, 345, ""l""]]"
11643,4988288,20161006_Zone3_S3_0736,mrniaboc,3130,1.13,23156532,2016-12-12 11:17:19 UTC,0:01:04,"[1995, 1500]",Yes,"[[717, 327, 105, ""h""], [1036, 802, 136, ""h""], [438, 948, 179, ""h""], [224, 1288, 110, ""h""], [1963, 1116, 108, ""h""]]",[],"[[845, 1068, 429, ""l""], [1337, 332, 545, ""l""]]"
11644,4992043,20161006_Zone5_S2_099,QI2e5a0353,3130,1.13,23157379,2016-12-12 11:48:51 UTC,0:03:06,"[2000, 1500]",Yes,[],"[[1493, 1364, 212, ""f""]]",[]
11645,4984034,20161003_Zone4_S3_212,QI2e5a0353,3130,1.13,23157405,2016-12-12 11:49:27 UTC,0:00:34,"[1995, 1500]",No,[],[],[]
11646,4990726,20161007_Zone2_S4_007,QI2e5a0353,3130,1.13,23157442,2016-12-12 11:50:21 UTC,0:00:48,"[1060, 795]",Yes,[],"[[428, -49, 205, ""f""], [719, 67, 51, ""f""]]","[[298, 778, 95, ""l""], [988, 726, 64, ""l""]]"
11647,4990298,20161007_Zone2_S3_027,QI2e5a0353,3130,1.13,23157467,2016-12-12 11:51:24 UTC,0:00:57,"[998, 750]",Yes,"[[803, 613, 65, ""h""]]",[],[]
11648,4993748,20161004_Zone6_S4_024,QI2e5a0353,3130,1.13,23157479,2016-12-12 11:51:53 UTC,0:00:28,"[1200, 900]",Yes,[],[],"[[577, 497, 178, ""l""], [1058, 670, 158, ""l""]]"
11649,4989550,20161007_Zone1_S3_084,QI2e5a0353,3130,1.13,23157499,2016-12-12 11:52:20 UTC,0:00:27,"[898, 675]",Yes,[],"[[626, 527, 151, ""f""]]",[]
11650,4989278,20161007_Zone1_S1_052,QI2e5a0353,3130,1.13,23157516,2016-12-12 11:52:45 UTC,0:00:24,"[900, 675]",Yes,[],[],"[[720, 550, 122, ""l""], [41, 315, 63, ""l""]]"
11651,4993150,20161004_Zone6_S2_006,QI2e5a0353,3130,1.13,23157536,2016-12-12 11:53:16 UTC,0:00:31,"[1100, 825]",Yes,"[[543, 612, 62, ""h""]]",[],[]
11652,4990916,20161007_Zone2_S4_103,QI2e5a0353,3130,1.13,23157571,2016-12-12 11:53:58 UTC,0:00:41,"[1060, 795]",Yes,"[[572, 713, 55, ""h""]]",[],"[[593, 817, 181, ""l""], [83, 439, 275, ""l""]]"
11653,4991425,20161006_Zone5_S1_024,QI2e5a0353,3130,1.13,23157596,2016-12-12 11:54:28 UTC,0:00:29,"[2000, 1500]",Yes,"[[351, 1047, 152, ""h""]]",[],"[[1475, 734, 198, ""l""]]"
11654,4983631,20161003_Zone4_S3_009,QI2e5a0353,3130,1.13,23157617,2016-12-12 11:54:57 UTC,0:00:28,"[1995, 1500]",Yes,[],"[[1428, 636, 324, ""f""]]","[[634, 703, 142, ""l""]]"
11655,4992788,20161006_Zone5_S4_030,QI2e5a0353,3130,1.13,23157625,2016-12-12 11:55:19 UTC,0:00:21,"[2000, 1500]",Yes,"[[980, 44, 89, ""h""]]",[],[]
11656,4989479,20161007_Zone1_S3_013,QI2e5a0353,3130,1.13,23157640,2016-12-12 11:55:41 UTC,0:00:22,"[898, 675]",Yes,[],"[[98, 289, 96, ""f""], [819, 200, 105, ""f""]]",[]
11657,4984997,20161006_Zone3_S1_0027,QI2e5a0353,3130,1.13,23157651,2016-12-12 11:55:54 UTC,0:00:14,"[2000, 1500]",No,[],[],[]
11658,4982877,20161003_Zone4_S2_013,QI2e5a0353,3130,1.13,23157668,2016-12-12 11:56:26 UTC,0:00:31,"[2000, 1500]",Yes,[],"[[1596, 869, 421, ""f""], [826, 391, 141, ""f""]]","[[959, 952, 110, ""l""]]"
11659,4993380,20161004_Zone6_S2_123,QI2e5a0353,3130,1.13,23157683,2016-12-12 11:56:54 UTC,0:00:27,"[1100, 825]",Yes,[],[],"[[534, 238, 91, ""l""], [828, 600, 39, ""l""]]"
11660,4984463,20161003_Zone4_S4_065,QI2e5a0353,3130,1.13,23157703,2016-12-12 11:57:26 UTC,0:00:31,"[2000, 1500]",Yes,"[[1612, 721, 176, ""h""], [1072, 1099, 339, ""h""]]",[],[]
11661,4991511,20161006_Zone5_S1_063,QI2e5a0353,3130,1.13,23157728,2016-12-12 11:58:06 UTC,0:00:39,"[2000, 1500]",Yes,"[[1830, 799, 113, ""h""]]",[],"[[1498, 503, 187, ""l""]]"
11662,4990376,20161007_Zone2_S3_089,QI2e5a0353,3130,1.13,23157737,2016-12-12 11:58:25 UTC,0:00:18,"[998, 750]",Yes,"[[275, 73, 91, ""h""]]",[],[]
11663,4988515,20161006_Zone3_S3_0833,markbowler,3130,1.13,23159677,2016-12-12 13:09:51 UTC,0:02:02,"[1995, 1500]",Yes,"[[1312, 364, 94, ""h""], [1426, 466, 64, ""h""], [1647, 648, 78, ""h""], [1634, 978, 82, ""h""], [586, 1168, 35, ""h""], [484, 150, 37, ""h""], [559, 558, 26, ""h""], [1357, 1076, 36, ""h""]]",[],"[[1277, 699, 184, ""l""], [1934, 62, 84, ""l""], [1708, 232, 62, ""l""], [1945, 1464, 81, ""l""]]"
11664,4992702,20161006_Zone5_S3_197,markbowler,3130,1.13,23159740,2016-12-12 13:11:47 UTC,0:01:49,"[1995, 1500]",Yes,[],"[[1704, 989, 306, ""f""]]","[[447, 1231, 80, ""l""]]"
11665,4985790,20161006_Zone3_S2_0338,markbowler,3130,1.13,23159751,2016-12-12 13:12:07 UTC,0:00:18,"[2000, 1500]",Yes,[],[],[]
11666,4993043,20161004_Zone6_S1_054,Ryman,3130,1.13,23160694,2016-12-12 13:36:11 UTC,0:03:29,"[1300, 975]",Yes,[],[],"[[1042, 878, 150, ""l""], [1056, 215, 99, ""l""]]"
11667,4986037,20161006_Zone3_S2_0458,Ryman,3130,1.13,23160738,2016-12-12 13:37:04 UTC,0:00:47,"[2000, 1500]",Yes,[],[],"[[1926, 1040, 507, ""l""]]"
11668,4990618,20161007_Zone2_S3_216,Ryman,3130,1.13,23160759,2016-12-12 13:37:22 UTC,0:00:18,"[998, 750]",No,[],[],[]
11669,4993044,20161004_Zone6_S1_055,Ryman,3130,1.13,23160795,2016-12-12 13:38:22 UTC,0:00:58,"[1300, 975]",Yes,[],"[[860, 663, 165, ""f""]]","[[107, 205, 336, ""l""], [1106, 389, 123, ""l""]]"
11670,4984579,20161003_Zone4_S4_179,Ryman,3130,1.13,23160824,2016-12-12 13:39:01 UTC,0:00:38,"[2000, 1500]",Yes,"[[223, 1431, 168, ""h""]]",[],[]
11671,4982607,20161003_Zone4_S1_285,Ryman,3130,1.13,23160863,2016-12-12 13:39:54 UTC,0:00:50,"[2000, 1500]",Yes,[],"[[358, 1335, 486, ""f""]]","[[1535, 349, 411, ""l""]]"
11672,4992129,20161006_Zone5_S2_139,Ryman,3130,1.13,23160880,2016-12-12 13:40:17 UTC,0:00:24,"[2000, 1500]",Yes,[],[],"[[1315, 751, 398, ""l""]]"
11673,4993837,20161004_Zone6_S4_066,Ryman,3130,1.13,23161036,2016-12-12 13:44:28 UTC,0:04:09,"[1200, 900]",Yes,"[[962, 871, 106, ""h""], [309, 596, 0, ""h""]]",[],[]
11674,4985143,20161006_Zone3_S1_0101,Ryman,3130,1.13,23161066,2016-12-12 13:45:10 UTC,0:00:41,"[2000, 1500]",Yes,[],"[[1929, 331, 237, ""f""]]","[[1973, 1133, 154, ""l""]]"
11675,4993913,20161004_Zone6_S4_109,Ryman,3130,1.13,23161084,2016-12-12 13:45:41 UTC,0:00:30,"[1200, 900]",Yes,[],[],"[[576, 66, 231, ""l""]]"
11676,4992303,20161006_Zone5_S3_011,Ryman,3130,1.13,23161113,2016-12-12 13:46:26 UTC,0:00:43,"[1995, 1500]",Yes,[],[],"[[660, 1383, 217, ""l""], [550, 461, 517, ""l""]]"
11677,4985187,20161006_Zone3_S1_0123,Ryman,3130,1.13,23161149,2016-12-12 13:47:14 UTC,0:00:47,"[2000, 1500]",Yes,"[[57, 289, 257, ""h""]]","[[873, 1386, 170, ""f""]]","[[1577, 182, 292, ""l""]]"
11678,4983949,20161003_Zone4_S3_167,Ryman,3130,1.13,23161186,2016-12-12 13:48:17 UTC,0:01:02,"[1995, 1500]",No,[],[],[]
11679,4982589,20161003_Zone4_S1_267,Ryman,3130,1.13,23161205,2016-12-12 13:48:41 UTC,0:00:23,"[2000, 1500]",Yes,[],"[[826, 1300, 265, ""f""]]",[]
11680,4992202,20161006_Zone5_S2_173,Ryman,3130,1.13,23161235,2016-12-12 13:49:20 UTC,0:00:37,"[2000, 1500]",Yes,[],"[[161, 1142, 175, ""f""]]",[]
11681,4989968,20161007_Zone2_S1_262,Ryman,3130,1.13,23161243,2016-12-12 13:49:34 UTC,0:00:11,"[800, 600]",No,[],[],[]
11682,4984733,20161003_Zone4_S4_292,Ryman,3130,1.13,23161270,2016-12-12 13:50:10 UTC,0:00:35,"[2000, 1500]",Yes,[],"[[1690, 906, 168, ""f""]]",[]
11683,4988042,20161006_Zone3_S3_0626,MatthewVetkoetter,3130,1.13,23161290,2016-12-12 13:50:36 UTC,0:01:04,"[1995, 1500]",Yes,"[[1443, 233, 129, ""h""]]",[],"[[1974, 541, 230, ""l""]]"
11684,4983790,20161003_Zone4_S3_091,MatthewVetkoetter,3130,1.13,23161312,2016-12-12 13:50:59 UTC,0:00:22,"[1995, 1500]",No,[],[],[]
11685,4989815,20161007_Zone2_S1_109,Ryman,3130,1.13,23161315,2016-12-12 13:51:00 UTC,0:00:49,"[800, 600]",Yes,"[[99, 55, 66, ""h""]]",[],[]
11686,4982356,20161003_Zone4_S1_034,MatthewVetkoetter,3130,1.13,23161339,2016-12-12 13:51:27 UTC,0:00:27,"[2000, 1500]",Yes,[],[],"[[1490, 607, 99, ""l""]]"
11687,4989535,20161007_Zone1_S3_069,Ryman,3130,1.13,23161388,2016-12-12 13:52:12 UTC,0:01:11,"[898, 675]",Yes,[],"[[592, 133, 101, ""f""]]","[[103, 572, 109, ""l""], [385, 618, 77, ""l""]]"
11688,4988369,20161006_Zone3_S3_0771,Ryman,3130,1.13,23161428,2016-12-12 13:53:05 UTC,0:00:51,"[1995, 1500]",Yes,[],"[[568, 523, 269, ""f""], [1053, 398, 218, ""f""], [1597, 969, 235, ""f""], [1692, 134, 185, ""f""]]",[]
11689,4989797,20161007_Zone2_S1_091,Ryman,3130,1.13,23161454,2016-12-12 13:53:29 UTC,0:00:22,"[800, 600]",No,[],[],[]
11690,4984364,20161003_Zone4_S4_016,MatthewVetkoetter,3130,1.13,23161464,2016-12-12 13:53:41 UTC,0:02:13,"[2000, 1500]",Yes,[],[],"[[1817, 697, 291, ""l""]]"
11691,4990147,20161007_Zone2_S2_174,MatthewVetkoetter,3130,1.13,23161486,2016-12-12 13:54:09 UTC,0:00:28,"[900, 675]",Yes,[],"[[266, 46, 63, ""f""]]","[[62, 45, 48, ""l""]]"
11692,4988993,20161006_Zone3_S4_1039,Ryman,3130,1.13,23161488,2016-12-12 13:54:11 UTC,0:00:41,"[2000, 1500]",Yes,"[[1535, 176, 112, ""h""]]","[[453, 939, 200, ""f""]]","[[1633, 1148, 329, ""l""], [1887, 146, 123, ""l""], [176, 200, 269, ""l""]]"
11693,4990933,20161007_Zone2_S4_111,MatthewVetkoetter,3130,1.13,23161502,2016-12-12 13:54:36 UTC,0:00:24,"[1060, 795]",No,[],[],[]
11694,4993045,20161004_Zone6_S1_056,Ryman,3130,1.13,23161504,2016-12-12 13:54:40 UTC,0:00:28,"[1300, 975]",Yes,[],[],"[[1201, 310, 99, ""l""], [178, 196, 88, ""l""], [566, 899, 95, ""l""], [1029, 920, 74, ""l""]]"
11695,4985275,20161006_Zone3_S1_0167,Ryman,3130,1.13,23161518,2016-12-12 13:54:58 UTC,0:00:17,"[1000, 750]",Yes,[],[],"[[544, 252, 251, ""l""]]"
11696,4992349,20161006_Zone5_S3_033,Ryman,3130,1.13,23161533,2016-12-12 13:55:18 UTC,0:00:18,"[1995, 1500]",Yes,[],[],"[[39, 223, 283, ""l""]]"
11697,4985979,20161006_Zone3_S2_0430,MatthewVetkoetter,3130,1.13,23161540,2016-12-12 13:55:26 UTC,0:00:49,"[2000, 1500]",Yes,"[[176, 417, 144, ""h""], [1333, 561, 107, ""h""], [531, 1219, 94, ""h""], [1654, 872, 142, ""h""]]",[],[]
11698,4992458,20161006_Zone5_S3_084,MatthewVetkoetter,3130,1.13,23161582,2016-12-12 13:56:28 UTC,0:01:01,"[1995, 1500]",Yes,[],"[[231, 780, 212, ""f""]]",[]
11699,4984853,20161003_Zone4_S4_369,MatthewVetkoetter,3130,1.13,23161594,2016-12-12 13:56:45 UTC,0:00:17,"[2000, 1500]",Yes,[],[],"[[681, 1448, 198, ""l""]]"
11700,4986218,20161006_Zone3_S2_0545,mrniaboc,3130,1.13,23161608,2016-12-12 13:57:15 UTC,0:01:10,"[2000, 1500]",Yes,"[[1573, 627, 198, ""h""]]",[],[]
11701,4988341,20161006_Zone3_S3_0758,mrniaboc,3130,1.13,23161612,2016-12-12 13:57:24 UTC,0:00:08,"[1197, 900]",No,[],[],[]
11702,4984356,20161003_Zone4_S4_012,Uganalandia,3130,1.13,23161680,2016-12-12 13:59:46 UTC,0:01:33,"[2000, 1500]",Yes,"[[449, 1302, 106, ""h""], [141, 1242, 128, ""h""], [1627, 1283, 115, ""h""], [648, 1096, 77, ""h""]]",[],"[[1697, 279, 266, ""l""], [1070, 662, 92, ""l""], [1317, 1331, 130, ""l""]]"
11703,4991377,20161006_Zone5_S1_001,williamskellorn,3130,1.13,23161691,2016-12-12 14:00:05 UTC,0:02:10,"[2000, 1500]",Yes,[],"[[1547, 558, 194, ""f""], [1144, 790, 266, ""f""]]","[[1527, 983, 224, ""l""]]"
11704,4992718,20161006_Zone5_S3_205,Uganalandia,3130,1.13,23161702,2016-12-12 14:00:21 UTC,0:00:30,"[1995, 1500]",Yes,"[[1440, 708, 218, ""h""], [1642, 180, 141, ""h""]]",[],[]
11705,4991888,20161006_Zone5_S2_027,octodragon,3130,1.13,23161940,2016-12-12 14:07:40 UTC,0:03:02,"[2000, 1500]",Yes,[],[],"[[1076, 374, 187, ""l""], [1672, 421, 208, ""l""]]"
11706,4991819,20161006_Zone5_S1_203,octodragon,3130,1.13,23161952,2016-12-12 14:08:26 UTC,0:00:36,"[2000, 1500]",Yes,"[[1870, 1127, 150, ""h""], [1804, 1496, 175, ""h""], [1648, 734, 322, ""h""], [1182, 1179, 107, ""h""], [768, 1186, 129, ""h""]]",[],[]
11707,4993748,20161004_Zone6_S4_024,octodragon,3130,1.13,23161958,2016-12-12 14:08:49 UTC,0:00:22,"[1200, 900]",Yes,[],[],"[[1058, 680, 161, ""l""]]"
11708,4983629,20161003_Zone4_S3_008,octodragon,3130,1.13,23161963,2016-12-12 14:09:10 UTC,0:00:20,"[1995, 1500]",Yes,[],[],"[[1665, 519, 271, ""l""]]"
11709,4990394,20161007_Zone2_S3_099,octodragon,3130,1.13,23161970,2016-12-12 14:09:26 UTC,0:00:15,"[998, 750]",Yes,[],[],"[[244, 622, 145, ""l""]]"
11710,4990323,20161007_Zone2_S3_052,octodragon,3130,1.13,23161973,2016-12-12 14:09:36 UTC,0:00:07,"[998, 750]",Yes,[],[],[]
11711,4983495,20161003_Zone4_S2_323,octodragon,3130,1.13,23161990,2016-12-12 14:10:18 UTC,0:00:34,"[2000, 1500]",Yes,[],[],"[[815, 607, 385, ""l""], [283, 854, 101, ""l""]]"
11712,4982923,20161003_Zone4_S2_037,octodragon,3130,1.13,23162003,2016-12-12 14:10:58 UTC,0:00:39,"[2000, 1500]",Yes,[],[],"[[697, 91, 236, ""l""], [285, 1143, 439, ""l""]]"
11713,4992734,20161006_Zone5_S4_004,MatthewVetkoetter,3130,1.13,23162133,2016-12-12 14:17:03 UTC,0:20:02,"[2000, 1500]",Yes,[],[],"[[1215, 871, 295, ""l""], [992, 303, 239, ""l""]]"
11714,4989281,20161007_Zone1_S1_055,MatthewVetkoetter,3130,1.13,23162146,2016-12-12 14:17:15 UTC,0:00:12,"[900, 675]",Yes,[],[],"[[143, 331, 132, ""l""]]"
11715,4989184,20161006_Zone3_S4_1156,MatthewVetkoetter,3130,1.13,23162164,2016-12-12 14:17:38 UTC,0:00:22,"[1200, 900]",Yes,[],"[[873, 444, 221, ""f""]]","[[61, 458, 51, ""l""]]"
11716,4985915,20161006_Zone3_S2_0399,MatthewVetkoetter,3130,1.13,23162172,2016-12-12 14:17:50 UTC,0:00:12,"[2000, 1500]",No,[],[],[]
11717,4984742,20161003_Zone4_S4_297,MatthewVetkoetter,3130,1.13,23162193,2016-12-12 14:18:17 UTC,0:00:25,"[2000, 1500]",Yes,[],[],"[[1665, 33, 379, ""l""], [1048, 139, 178, ""l""], [1179, 344, 158, ""l""], [125, 571, 213, ""l""]]"
11718,4990332,20161007_Zone2_S3_061,MatthewVetkoetter,3130,1.13,23162208,2016-12-12 14:18:39 UTC,0:00:20,"[998, 750]",Yes,[],"[[175, 342, 407, ""f""]]",[]
11719,4992357,20161006_Zone5_S3_037,MatthewVetkoetter,3130,1.13,23162232,2016-12-12 14:19:18 UTC,0:00:38,"[1995, 1500]",No,[],[],[]
11720,4982618,20161003_Zone4_S1_296,MatthewVetkoetter,3130,1.13,23162251,2016-12-12 14:19:48 UTC,0:00:30,"[2000, 1500]",Yes,[],"[[482, 994, 221, ""f""], [1001, 1310, 195, ""f""], [1153, 989, 192, ""f""], [958, 753, 135, ""f""], [451, 1344, 142, ""f""], [719, 1403, 115, ""f""]]",[]
11721,4992125,20161006_Zone5_S2_137,MatthewVetkoetter,3130,1.13,23162272,2016-12-12 14:20:17 UTC,0:00:27,"[2000, 1500]",Yes,"[[1714, 668, 142, ""h""]]",[],[]
11722,4985763,20161006_Zone3_S2_0324,MatthewVetkoetter,3130,1.13,23162284,2016-12-12 14:20:36 UTC,0:00:18,"[2000, 1500]",Yes,"[[673, 445, 85, ""h""], [1334, 247, 75, ""h""]]",[],"[[300, 1545, 384, ""l""], [1843, 709, 172, ""l""]]"
11723,4984776,20161003_Zone4_S4_315,MatthewVetkoetter,3130,1.13,23162313,2016-12-12 14:21:30 UTC,0:00:47,"[2000, 1500]",Yes,"[[1719, 1131, 142, ""h""], [694, 1013, 93, ""h""]]",[],[]
11724,4983708,20161003_Zone4_S3_048,Visitor,3130,1.13,23162979,2016-12-12 14:39:00 UTC,0:01:47,"[1995, 1500]",Yes,[],[],"[[961, 231, 346, ""l""], [156, 249, 317, ""l""], [271, 690, 211, ""l""], [592, 931, 312, ""l""]]"
11725,4989851,20161007_Zone2_S1_145,Visitor,3130,1.13,23162982,2016-12-12 14:39:05 UTC,0:00:52,"[800, 600]",Yes,"[[447, 58, 134, ""h""]]",[],[]
11726,4984479,20161003_Zone4_S4_079,Visitor,3130,1.13,23162994,2016-12-12 14:39:26 UTC,0:00:18,"[2000, 1500]",Yes,[],[],"[[1347, 1044, 208, ""l""]]"
11727,4990993,20161007_Zone2_S4_143,Visitor,3130,1.13,23163002,2016-12-12 14:39:37 UTC,0:00:24,"[1060, 795]",Yes,"[[751, 609, 109, ""h""]]",[],[]
11728,4985864,20161006_Zone3_S2_0375,Visitor,3130,1.13,23163005,2016-12-12 14:39:44 UTC,0:00:16,"[2000, 1500]",Yes,[],[],"[[1812, 925, 280, ""l""], [421, 460, 373, ""l""]]"
11729,4989449,20161007_Zone1_S2_103,Visitor,3130,1.13,23163032,2016-12-12 14:40:23 UTC,0:00:38,"[900, 675]",Yes,[],[],"[[86, 72, 96, ""l""], [549, 355, 99, ""l""]]"
11730,4983850,20161003_Zone4_S3_121,crippenj,3130,1.13,23163033,2016-12-12 14:40:24 UTC,0:01:33,"[1995, 1500]",Yes,[],"[[1039, 829, 283, ""f""]]","[[1855, 422, 170, ""l""], [1492, 133, 170, ""l""]]"
11731,4990856,20161007_Zone2_S4_073,Visitor,3130,1.13,23163075,2016-12-12 14:41:06 UTC,0:00:37,"[1060, 795]",Yes,[],[],"[[828, 240, 288, ""l""]]"
11732,4982645,20161003_Zone4_S1_323,Visitor,3130,1.13,23163080,2016-12-12 14:41:12 UTC,0:00:06,"[2000, 1500]",No,[],[],[]
11733,4984619,20161003_Zone4_S4_219,Visitor,3130,1.13,23163088,2016-12-12 14:41:17 UTC,0:00:04,"[2000, 1500]",No,[],[],[]
11734,4982367,20161003_Zone4_S1_045,Visitor,3130,1.13,23163099,2016-12-12 14:41:24 UTC,0:00:05,"[2000, 1500]",Yes,[],[],[]
11735,4990532,20161007_Zone2_S3_170,julialuthringer,3130,1.13,23163181,2016-12-12 14:43:06 UTC,0:01:14,"[998, 750]",No,[],[],[]
11736,4990568,20161007_Zone2_S3_189,Visitor,3130,1.13,23163192,2016-12-12 14:43:20 UTC,0:06:27,"[998, 750]",Yes,"[[42, 142, 73, ""h""], [350, 73, 80, ""h""], [241, 698, 160, ""h""]]",[],"[[509, 559, 0, ""l""], [353, 447, 57, ""l""], [420, 420, 49, ""l""], [509, 354, 57, ""l""], [221, 261, 90, ""l""], [367, 341, 44, ""l""], [307, 586, 71, ""l""], [148, 573, 101, ""l""]]"
11737,4992289,20161006_Zone5_S3_005,Visitor,3130,1.13,23163210,2016-12-12 14:43:39 UTC,0:01:08,"[1995, 1500]",Yes,[],"[[295, 840, 304, ""f""], [1045, 199, 316, ""f""], [1053, 938, 401, ""f""]]",[]
11738,4990599,20161007_Zone2_S3_206,colman01,3130,1.13,23163215,2016-12-12 14:43:47 UTC,0:02:02,"[998, 750]",No,[],[],[]
11739,4993027,20161004_Zone6_S1_038,julialuthringer,3130,1.13,23163217,2016-12-12 14:43:51 UTC,0:00:42,"[1300, 975]",Yes,[],"[[36, 178, 157, ""f""]]",[]
11740,4983452,20161003_Zone4_S2_301,Visitor,3130,1.13,23163224,2016-12-12 14:44:08 UTC,0:00:39,"[2000, 1500]",No,[],[],[]
11741,4988974,20161006_Zone3_S4_1031,Visitor,3130,1.13,23163226,2016-12-12 14:44:13 UTC,0:00:58,"[2000, 1500]",Yes,"[[1270, 558, 117, ""h""], [1635, 400, 16, ""h""], [1761, 1470, 45, ""h""], [1534, 665, 529, ""h""]]",[],[]
11742,4989824,20161007_Zone2_S1_118,Visitor,3130,1.13,23163239,2016-12-12 14:44:34 UTC,0:02:01,"[800, 600]",Yes,[],[],"[[135, 73, 97, ""l""], [765, 513, 104, ""l""], [355, 193, 71, ""l""]]"
11743,4990624,20161007_Zone2_S3_219,QI7f87bf51,3130,1.13,23163240,2016-12-12 14:44:36 UTC,0:01:57,"[998, 750]",Yes,[],[],"[[930, 489, 82, ""l""]]"
11744,4983626,20161003_Zone4_S3_006,Visitor,3130,1.13,23163244,2016-12-12 14:44:45 UTC,0:01:15,"[1995, 1500]",Yes,"[[634, 377, 142, ""h""], [1077, 119, 178, ""h""]]","[[124, 1085, 131, ""f""], [925, 1376, 202, ""f""], [1719, 1145, 247, ""f""]]",[]
11745,4988121,20161006_Zone3_S3_0660,QI7f87bf51,3130,1.13,23163252,2016-12-12 14:44:54 UTC,0:00:13,"[1995, 1500]",No,[],[],[]
11746,4986121,20161006_Zone3_S2_0499,Visitor,3130,1.13,23163254,2016-12-12 14:44:57 UTC,0:01:33,"[2000, 1500]",Yes,"[[1056, 67, 311, ""h""]]",[],[]
11747,4986905,20161006_Zone3_S2_0523,Visitor,3130,1.13,23163255,2016-12-12 14:44:58 UTC,0:04:17,"[2000, 1500]",Yes,"[[971, 444, 408, ""h""]]",[],[]
11748,4983894,20161003_Zone4_S3_143,julialuthringer,3130,1.13,23163265,2016-12-12 14:45:08 UTC,0:01:13,"[1995, 1500]",Yes,"[[265, 319, 103, ""h""], [531, 177, 90, ""h""], [1835, 1223, 83, ""h""], [1609, 1418, 68, ""h""], [1510, 880, 125, ""h""]]","[[1188, 722, 146, ""f""], [1361, 948, 85, ""f""], [1736, 25, 148, ""f""]]","[[250, 1220, 157, ""l""], [1284, 1223, 141, ""l""]]"
11749,4988697,20161006_Zone3_S4_0914,colman01,3130,1.13,23163275,2016-12-12 14:45:20 UTC,0:01:31,"[2000, 1500]",Yes,"[[1125, 789, 211, ""h""], [494, 814, 139, ""h""], [540, 339, 101, ""h""], [342, 197, 80, ""h""], [94, 1457, 99, ""h""], [1952, 744, 110, ""h""]]","[[1692, 197, 318, ""f""]]",[]
11750,4984498,20161003_Zone4_S4_098,QIf3d5697f,3130,1.13,23163287,2016-12-12 14:45:31 UTC,0:01:46,"[2000, 1500]",Yes,[],[],"[[558, 1246, 178, ""l""], [979, 965, 237, ""l""]]"
11751,4984130,20161003_Zone4_S3_261,colman01,3130,1.13,23163303,2016-12-12 14:45:53 UTC,0:00:30,"[1995, 1500]",Yes,"[[1356, 1176, 96, ""h""]]","[[769, 1043, 167, ""f""]]",[]
11752,4990528,20161007_Zone2_S3_168,Visitor,3130,1.13,23163308,2016-12-12 14:45:58 UTC,0:00:50,"[998, 750]",Yes,[],[],"[[641, 172, 151, ""l""]]"
11753,4990502,20161007_Zone2_S3_154,haskielr,3130,1.13,23163309,2016-12-12 14:45:59 UTC,0:01:22,"[998, 750]",Yes,[],[],"[[941, 141, 196, ""l""], [758, 455, 167, ""l""]]"
11754,4989980,20161007_Zone2_S2_007,Visitor,3130,1.13,23163321,2016-12-12 14:46:17 UTC,0:03:05,"[900, 675]",Yes,"[[277, 233, 92, ""h""]]","[[468, 579, 107, ""f""]]","[[751, 185, 81, ""l""]]"
11755,4983528,20161003_Zone4_S2_340,colman01,3130,1.13,23163323,2016-12-12 14:46:19 UTC,0:00:24,"[2000, 1500]",Yes,[],[],"[[39, 1467, 62, ""l""]]"
11756,4982394,20161003_Zone4_S1_072,Visitor,3130,1.13,23163329,2016-12-12 14:46:25 UTC,0:04:31,"[2000, 1500]",Yes,[],[],"[[585, 977, 285, ""l""]]"
11757,4989541,20161007_Zone1_S3_075,Visitor,3130,1.13,23163332,2016-12-12 14:46:37 UTC,0:00:14,"[898, 675]",No,[],[],[]
11758,4992411,20161006_Zone5_S3_062,Reset1313,3130,1.13,23163336,2016-12-12 14:46:44 UTC,0:01:59,"[1995, 1500]",Yes,"[[1837, 177, 112, ""h""], [1745, 1368, 98, ""h""]]",[],[]
11759,4985874,20161006_Zone3_S2_0380,haskielr,3130,1.13,23163337,2016-12-12 14:46:45 UTC,0:00:44,"[2000, 1500]",Yes,[],[],"[[1876, 655, 390, ""l""], [1677, 1430, 148, ""l""]]"
11760,4982444,20161003_Zone4_S1_122,Visitor,3130,1.13,23163339,2016-12-12 14:46:51 UTC,0:05:32,"[2000, 1500]",Yes,[],[],"[[770, 46, 355, ""l""]]"
11761,4986905,20161006_Zone3_S2_0523,haskielr,3130,1.13,23163344,2016-12-12 14:47:04 UTC,0:00:18,"[2000, 1500]",Yes,[],"[[996, 456, 372, ""f""]]",[]
11762,4989535,20161007_Zone1_S3_069,QI7f87bf51,3130,1.13,23163345,2016-12-12 14:47:05 UTC,0:02:08,"[898, 675]",Yes,[],"[[690, 282, 60, ""f""]]","[[146, 578, 87, ""l""]]"
11763,4993267,20161004_Zone6_S2_067,Visitor,3130,1.13,23163351,2016-12-12 14:47:13 UTC,0:00:59,"[1100, 825]",Yes,[],[],[]
11764,4984200,20161003_Zone4_S3_298,QI7f87bf51,3130,1.13,23163357,2016-12-12 14:47:16 UTC,0:00:09,"[1995, 1500]",No,[],[],[]
11765,4992110,20161006_Zone5_S2_130,idenise,3130,1.13,23163360,2016-12-12 14:47:19 UTC,0:01:01,"[2000, 1500]",Yes,[],[],[]
11766,4991419,20161006_Zone5_S1_021,colman01,3130,1.13,23163361,2016-12-12 14:47:20 UTC,0:00:59,"[2000, 1500]",Yes,[],"[[765, 146, 176, ""f""]]",[]
11767,4989827,20161007_Zone2_S1_121,Carolo52,3130,1.13,23163364,2016-12-12 14:47:25 UTC,0:04:24,"[800, 600]",Yes,"[[580, 321, 43, ""h""]]","[[106, 552, 80, ""f""]]","[[553, 212, 54, ""l""], [144, 280, 34, ""l""]]"
11768,4983464,20161003_Zone4_S2_307,Visitor,3130,1.13,23163365,2016-12-12 14:47:25 UTC,0:00:46,"[2000, 1500]",Yes,"[[1823, 564, 239, ""h""], [1033, 982, 175, ""h""]]",[],[]
11769,4993893,20161004_Zone6_S4_095,haskielr,3130,1.13,23163370,2016-12-12 14:47:30 UTC,0:00:20,"[1200, 900]",Yes,"[[1057, 333, 135, ""h""], [767, 578, 98, ""h""]]",[],[]
11770,4991099,20161007_Zone2_S4_196,Visitor,3130,1.13,23163371,2016-12-12 14:47:33 UTC,0:00:07,"[1060, 795]",No,[],[],[]
11771,4992539,20161006_Zone5_S3_120,Visitor,3130,1.13,23163377,2016-12-12 14:47:40 UTC,0:00:32,"[1995, 1500]",No,[],[],[]
11772,4993196,20161004_Zone6_S2_031,Visitor,3130,1.13,23163378,2016-12-12 14:47:40 UTC,0:01:01,"[1100, 825]",Yes,[],[],"[[830, 680, 299, ""l""]]"
11773,4984676,20161003_Zone4_S4_262,haskielr,3130,1.13,23163384,2016-12-12 14:47:47 UTC,0:00:16,"[2000, 1500]",No,[],[],[]
11774,4990306,20161007_Zone2_S3_035,Visitor,3130,1.13,23163385,2016-12-12 14:47:59 UTC,0:01:40,"[998, 750]",No,[],[],[]
11775,4984476,20161003_Zone4_S4_076,Visitor,3130,1.13,23163390,2016-12-12 14:48:05 UTC,0:00:42,"[2000, 1500]",Yes,[],[],"[[815, 623, 99, ""l""]]"
11776,4993880,20161004_Zone6_S4_087,haskielr,3130,1.13,23163393,2016-12-12 14:48:07 UTC,0:00:17,"[1200, 900]",Yes,[],"[[428, 129, 310, ""f""]]",[]
11777,4985915,20161006_Zone3_S2_0399,Visitor,3130,1.13,23163394,2016-12-12 14:48:09 UTC,0:03:45,"[2000, 1500]",Yes,[],[],"[[1493, 913, 119, ""l""]]"
11778,4988938,20161006_Zone3_S4_1016,Visitor,3130,1.13,23163397,2016-12-12 14:48:14 UTC,0:01:14,"[2000, 1500]",Yes,[],[],"[[1748, 1297, 302, ""l""], [1512, 431, 110, ""l""], [1182, 436, 185, ""l""], [720, 125, 276, ""l""]]"
11779,4992224,20161006_Zone5_S2_183,akzeigler,3130,1.13,23163398,2016-12-12 14:48:14 UTC,0:01:52,"[2000, 1500]",Yes,[],[],"[[793, 540, 104, ""l""], [1078, 420, 137, ""l""]]"
11780,4984687,20161003_Zone4_S4_267,QI4803853a,3130,1.13,23163399,2016-12-12 14:48:15 UTC,0:01:38,"[2000, 1500]",Yes,[],"[[964, 867, 161, ""f""]]",[]
11781,4986035,20161006_Zone3_S2_0457,Visitor,3130,1.13,23163402,2016-12-12 14:48:18 UTC,0:00:37,"[2000, 1500]",No,[],[],[]
11782,4984504,20161003_Zone4_S4_104,Visitor,3130,1.13,23163407,2016-12-12 14:48:25 UTC,0:00:10,"[2000, 1500]",No,[],[],[]
11783,4989389,20161007_Zone1_S2_043,QIf3d5697f,3130,1.13,23163408,2016-12-12 14:48:26 UTC,0:02:49,"[900, 675]",Yes,[],[],[]
11784,4990926,20161007_Zone2_S4_108,Visitor,3130,1.13,23163410,2016-12-12 14:48:30 UTC,0:00:23,"[1060, 795]",No,[],[],[]
11785,4985195,20161006_Zone3_S1_0127,akzeigler,3130,1.13,23163412,2016-12-12 14:48:34 UTC,0:00:16,"[2000, 1500]",Yes,[],[],"[[1302, 283, 198, ""l""]]"
11786,4982367,20161003_Zone4_S1_045,idenise,3130,1.13,23163415,2016-12-12 14:48:38 UTC,0:00:31,"[2000, 1500]",Yes,[],[],[]
11787,4989395,20161007_Zone1_S2_049,haskielr,3130,1.13,23163417,2016-12-12 14:48:41 UTC,0:00:33,"[900, 675]",Yes,[],"[[90, 210, 160, ""f""], [333, 57, 133, ""f""], [736, 198, 187, ""f""], [698, 533, 170, ""f""]]",[]
11788,4991556,20161006_Zone5_S1_083,Visitor,3130,1.13,23163418,2016-12-12 14:48:42 UTC,0:00:08,"[2000, 1500]",No,[],[],[]
11789,4993777,20161004_Zone6_S4_038,Visitor,3130,1.13,23163422,2016-12-12 14:48:57 UTC,0:02:59,"[1200, 900]",No,[],[],[]
11790,4986929,20161006_Zone3_S2_0547,Visitor,3130,1.13,23163424,2016-12-12 14:48:58 UTC,0:00:32,"[2000, 1500]",Yes,"[[1608, 1449, 142, ""h""]]",[],[]
11791,4982644,20161003_Zone4_S1_322,Visitor,3130,1.13,23163425,2016-12-12 14:49:00 UTC,0:01:23,"[2000, 1500]",Yes,[],[],"[[1255, 575, 201, ""l""]]"
11792,4991416,20161006_Zone5_S1_020,QI7f87bf51,3130,1.13,23163427,2016-12-12 14:49:05 UTC,0:01:48,"[2000, 1500]",No,[],[],[]
11793,4992018,20161006_Zone5_S2_087,Visitor,3130,1.13,23163429,2016-12-12 14:49:09 UTC,0:02:05,"[2000, 1500]",Yes,"[[1119, 1256, 305, ""h""]]",[],"[[400, 358, 452, ""l""], [1883, 125, 249, ""l""]]"
11794,4983894,20161003_Zone4_S3_143,Visitor,3130,1.13,23163431,2016-12-12 14:49:10 UTC,0:00:21,"[1995, 1500]",Yes,[],[],[]
11795,4990207,20161007_Zone2_S2_234,Visitor,3130,1.13,23163432,2016-12-12 14:49:12 UTC,0:00:58,"[900, 675]",No,[],[],[]
11796,4984685,20161003_Zone4_S4_266,QI4803853a,3130,1.13,23163434,2016-12-12 14:49:15 UTC,0:00:55,"[2000, 1500]",Yes,[],[],"[[1684, 394, 94, ""l""], [1462, 577, 129, ""l""], [1704, 951, 151, ""l""], [1324, 907, 112, ""l""], [1783, 695, 91, ""l""]]"
11797,4983526,20161003_Zone4_S2_339,idenise,3130,1.13,23163438,2016-12-12 14:49:20 UTC,0:00:25,"[2000, 1500]",Yes,[],[],[]
11798,4983296,20161003_Zone4_S2_230,Reset1313,3130,1.13,23163439,2016-12-12 14:49:20 UTC,0:02:04,"[2000, 1500]",Yes,[],"[[1104, 1218, 203, ""f""], [619, 1009, 243, ""f""]]","[[1835, 927, 182, ""l""]]"
11799,4989788,20161007_Zone2_S1_082,Carolo52,3130,1.13,23163442,2016-12-12 14:49:28 UTC,0:01:56,"[800, 600]",Yes,[],"[[5, 75, 59, ""f""], [276, 37, 98, ""f""], [555, 162, 125, ""f""], [523, 387, 65, ""f""], [469, 525, 72, ""f""], [782, 488, 56, ""f""], [626, 19, 43, ""f""], [209, 515, 111, ""f""], [678, 421, 80, ""f""], [749, 15, 41, ""f""], [711, 261, 86, ""f""], [745, 596, 44, ""f""]]",[]
11800,4992402,20161006_Zone5_S3_057,QIf3d5697f,3130,1.13,23163443,2016-12-12 14:49:28 UTC,0:00:52,"[1995, 1500]",Yes,[],[],"[[1442, 303, 353, ""l""], [340, 1145, 250, ""l""]]"
11801,4988210,20161006_Zone3_S3_0702,QI4803853a,3130,1.13,23163451,2016-12-12 14:49:36 UTC,0:00:19,"[1995, 1500]",No,[],[],[]
11802,4992445,20161006_Zone5_S3_078,Visitor,3130,1.13,23163452,2016-12-12 14:49:39 UTC,0:00:25,"[1995, 1500]",No,[],[],[]
11803,4985138,20161006_Zone3_S1_0098,Visitor,3130,1.13,23163456,2016-12-12 14:49:47 UTC,0:02:16,"[749, 562]",Yes,"[[440, 87, 49, ""h""]]",[],[]
11804,4993279,20161004_Zone6_S2_073,diedrik,3130,1.13,23163460,2016-12-12 14:49:53 UTC,0:00:38,"[1100, 825]",No,[],[],[]
11805,4993584,20161004_Zone6_S3_085,QIf3d5697f,3130,1.13,23163469,2016-12-12 14:50:10 UTC,0:00:39,"[1197, 900]",Yes,"[[1019, 853, 144, ""h""], [332, 499, 114, ""h""]]","[[457, 829, 295, ""f""]]",[]
11806,4984006,20161003_Zone4_S3_197,Visitor,3130,1.13,23163470,2016-12-12 14:50:11 UTC,0:00:22,"[1995, 1500]",No,[],[],[]
11807,4993041,20161004_Zone6_S1_052,Reset1313,3130,1.13,23163474,2016-12-12 14:50:12 UTC,0:00:49,"[1300, 975]",Yes,"[[932, 882, 78, ""h""], [1256, 569, 103, ""h""], [1294, 227, 77, ""h""]]",[],[]
11808,4991629,20161006_Zone5_S1_114,Visitor,3130,1.13,23163479,2016-12-12 14:50:22 UTC,0:01:36,"[2000, 1500]",Yes,"[[1013, 1302, 246, ""h""], [1791, 688, 205, ""h""], [1357, 1177, 87, ""h""]]","[[895, 635, 405, ""f""]]","[[409, 1309, 261, ""l""]]"
11809,4986306,20161006_Zone3_S2_0589,Visitor,3130,1.13,23163483,2016-12-12 14:50:25 UTC,0:00:59,"[1200, 900]",Yes,"[[867, 621, 166, ""h""]]",[],"[[278, 752, 109, ""l""]]"
11810,4991798,20161006_Zone5_S1_193,QI7f87bf51,3130,1.13,23163484,2016-12-12 14:50:29 UTC,0:01:22,"[2000, 1500]",Yes,"[[677, 512, 108, ""h""]]",[],[]
11811,4983059,20161003_Zone4_S2_108,Visitor,3130,1.13,23163485,2016-12-12 14:50:31 UTC,0:00:51,"[2000, 1500]",Yes,[],[],"[[1371, 792, 609, ""l""]]"
11812,4989695,20161007_Zone1_S4_109,Darkrikiki,3130,1.13,23163490,2016-12-12 14:50:38 UTC,0:02:16,"[900, 675]",No,[],[],[]
11813,4986951,20161006_Zone3_S2_0569,Reset1313,3130,1.13,23163495,2016-12-12 14:50:42 UTC,0:00:28,"[2000, 1500]",Yes,[],[],"[[1221, 58, 217, ""l""]]"
11814,4992409,20161006_Zone5_S3_061,Visitor,3130,1.13,23163499,2016-12-12 14:50:49 UTC,0:01:23,"[1995, 1500]",Yes,"[[1706, 922, 196, ""h""], [609, 287, 144, ""h""], [453, 1154, 211, ""h""], [1732, 360, 129, ""h""]]",[],"[[1321, 405, 213, ""l""], [172, 140, 201, ""l""], [259, 765, 222, ""l""], [1139, 877, 203, ""l""]]"
11815,4984727,20161003_Zone4_S4_289,QIf3d5697f,3130,1.13,23163500,2016-12-12 14:50:51 UTC,0:00:40,"[2000, 1500]",Yes,"[[591, 851, 246, ""h""], [-195, -74, 390, ""h""]]",[],"[[210, 166, 304, ""l""]]"
11816,4990291,20161007_Zone2_S3_020,Visitor,3130,1.13,23163501,2016-12-12 14:50:55 UTC,0:00:45,"[998, 750]",No,[],[],[]
11817,4992850,20161006_Zone5_S4_070,QI7f87bf51,3130,1.13,23163502,2016-12-12 14:50:55 UTC,0:00:24,"[2000, 1500]",Yes,[],"[[652, 864, 256, ""f""], [1199, 631, 318, ""f""]]",[]
11818,4989614,20161007_Zone1_S4_028,QI7f87bf51,3130,1.13,23163506,2016-12-12 14:51:07 UTC,0:00:11,"[900, 675]",No,[],[],[]
11819,4990323,20161007_Zone2_S3_052,Carolo52,3130,1.13,23163509,2016-12-12 14:51:10 UTC,0:01:40,"[998, 750]",Yes,"[[871, 286, 43, ""h""]]","[[479, 169, 125, ""f""], [780, 169, 105, ""f""], [450, 347, 69, ""f""]]",[]
11820,4984095,20161003_Zone4_S3_243,Reset1313,3130,1.13,23163512,2016-12-12 14:51:15 UTC,0:00:32,"[1995, 1500]",Yes,"[[830, 1181, 248, ""h""], [317, 26, 135, ""h""]]",[],[]
11821,4990796,20161007_Zone2_S4_042,QIf3d5697f,3130,1.13,23163519,2016-12-12 14:51:30 UTC,0:00:37,"[1060, 795]",Yes,"[[962, 326, 121, ""h""], [457, 518, 80, ""h""], [387, 679, 98, ""h""], [634, 694, 63, ""h""]]",[],[]
11822,4984670,20161003_Zone4_S4_259,QI7f87bf51,3130,1.13,23163520,2016-12-12 14:51:30 UTC,0:00:20,"[2000, 1500]",Yes,[],[],"[[700, 204, 120, ""l""]]"
11823,4984576,20161003_Zone4_S4_176,QI4803853a,3130,1.13,23163527,2016-12-12 14:51:36 UTC,0:01:57,"[2000, 1500]",No,[],[],[]
11824,4992103,20161006_Zone5_S2_127,Visitor,3130,1.13,23163528,2016-12-12 14:51:36 UTC,0:00:32,"[2000, 1500]",No,[],[],[]
11825,4985191,20161006_Zone3_S1_0125,Pharaonics,3130,1.13,23163529,2016-12-12 14:51:37 UTC,0:02:30,"[2000, 1500]",Yes,"[[17, 179, 215, ""h""], [856, 606, 122, ""h""], [1540, 0, 138, ""h""]]",[],[]
11826,4991392,20161006_Zone5_S1_008,QI7f87bf51,3130,1.13,23163532,2016-12-12 14:51:39 UTC,0:00:09,"[2000, 1500]",Yes,[],[],[]
11827,4990113,20161007_Zone2_S2_140,idenise,3130,1.13,23163533,2016-12-12 14:51:42 UTC,0:00:25,"[900, 675]",No,[],[],[]
11828,4990026,20161007_Zone2_S2_053,Reset1313,3130,1.13,23163534,2016-12-12 14:51:42 UTC,0:00:25,"[900, 675]",Yes,[],[],"[[501, 460, 104, ""l""], [638, 664, 23, ""l""], [326, 667, 62, ""l""]]"
11829,4984487,20161003_Zone4_S4_087,Visitor,3130,1.13,23163536,2016-12-12 14:51:44 UTC,0:01:41,"[2000, 1500]",Yes,[],"[[631, 191, 175, ""f""]]",[]
11830,4984832,20161003_Zone4_S4_348,Carolo52,3130,1.13,23163537,2016-12-12 14:51:44 UTC,0:00:33,"[2000, 1500]",Yes,[],[],"[[466, 629, 916, ""l""]]"
11831,4984373,20161003_Zone4_S4_021,Visitor,3130,1.13,23163541,2016-12-12 14:51:48 UTC,0:00:35,"[2000, 1500]",Yes,[],[],[]
11832,4990390,20161007_Zone2_S3_097,QI7f87bf51,3130,1.13,23163545,2016-12-12 14:51:53 UTC,0:00:06,"[998, 750]",No,[],[],[]
11833,4989204,20161006_Zone3_S4_1176,Visitor,3130,1.13,23163548,2016-12-12 14:51:56 UTC,0:00:17,"[2000, 1500]",No,[],[],[]
11834,4988331,20161006_Zone3_S3_0754,QI4803853a,3130,1.13,23163551,2016-12-12 14:52:01 UTC,0:00:23,"[1995, 1500]",No,[],[],[]
11835,4989796,20161007_Zone2_S1_090,QIf3d5697f,3130,1.13,23163558,2016-12-12 14:52:10 UTC,0:00:38,"[800, 600]",Yes,[],[],"[[181, 277, 121, ""l""], [51, 135, 87, ""l""]]"
11836,4990107,20161007_Zone2_S2_134,Visitor,3130,1.13,23163561,2016-12-12 14:52:14 UTC,0:00:11,"[900, 675]",No,[],[],[]
11837,4985166,20161006_Zone3_S1_0113,jawenaas,3130,1.13,23163563,2016-12-12 14:52:15 UTC,0:02:36,"[2000, 1500]",Yes,[],"[[1694, 1128, 211, ""f""]]",[]
11838,4989898,20161007_Zone2_S1_192,Visitor,3130,1.13,23163564,2016-12-12 14:52:15 UTC,0:04:42,"[800, 600]",Yes,"[[462, 191, 68, ""h""], [624, 147, 61, ""h""], [444, 413, 77, ""h""], [278, 215, 62, ""h""], [503, 66, 66, ""h""], [606, 23, 20, ""h""], [188, 164, 47, ""h""], [194, 18, 76, ""h""], [719, 525, 49, ""h""]]",[],"[[65, 345, 134, ""l""], [707, 218, 87, ""l""], [644, 320, 68, ""l""], [567, 402, 53, ""l""], [420, 584, 63, ""l""], [768, 461, 57, ""l""], [645, 458, 50, ""l""], [92, 144, 83, ""l""]]"
11839,4988542,20161006_Zone3_S3_0844,Reset1313,3130,1.13,23163566,2016-12-12 14:52:16 UTC,0:00:31,"[1995, 1500]",Yes,[],[],"[[1005, 60, 530, ""l""]]"
11840,4984321,20161003_Zone4_S3_366,Pharaonics,3130,1.13,23163567,2016-12-12 14:52:16 UTC,0:00:34,"[1995, 1500]",Yes,[],[],"[[1480, 1333, 357, ""l""]]"
11841,4989281,20161007_Zone1_S1_055,QI4803853a,3130,1.13,23163569,2016-12-12 14:52:17 UTC,0:00:16,"[900, 675]",No,[],[],[]
11842,4985887,20161006_Zone3_S2_0386,Visitor,3130,1.13,23163570,2016-12-12 14:52:18 UTC,0:01:50,"[2000, 1500]",Yes,[],[],"[[1253, 992, 194, ""l""], [1838, 1204, 189, ""l""], [1691, 918, 205, ""l""], [244, 810, 212, ""l""]]"
11843,4993679,20161004_Zone6_S3_131,QI7f87bf51,3130,1.13,23163571,2016-12-12 14:52:18 UTC,0:00:24,"[1197, 900]",Yes,[],"[[1097, 121, 134, ""f""], [665, 162, 178, ""f""]]",[]
11844,4986218,20161006_Zone3_S2_0545,Visitor,3130,1.13,23163576,2016-12-12 14:52:24 UTC,0:00:09,"[2000, 1500]",Yes,[],[],[]
11845,4989966,20161007_Zone2_S1_260,idenise,3130,1.13,23163581,2016-12-12 14:52:29 UTC,0:00:44,"[800, 600]",Yes,[],"[[153, 103, 69, ""f""], [475, 473, 51, ""f""], [11, 408, 40, ""f""]]","[[466, 204, 88, ""l""]]"
11846,4982581,20161003_Zone4_S1_259,Nauter,3130,1.13,23163585,2016-12-12 14:52:35 UTC,0:00:39,"[2000, 1500]",Yes,[],[],"[[882, 1437, 179, ""l""]]"
11847,4992575,20161006_Zone5_S3_136,Carolo52,3130,1.13,23163587,2016-12-12 14:52:37 UTC,0:00:50,"[1995, 1500]",Yes,[],"[[46, 1379, 143, ""f""], [498, 1273, 125, ""f""]]","[[1437, 1229, 281, ""l""], [1412, 853, 66, ""l""]]"
11848,4986958,20161006_Zone3_S2_0576,QIf3d5697f,3130,1.13,23163588,2016-12-12 14:52:37 UTC,0:00:26,"[2000, 1500]",Yes,[],[],"[[644, 845, 365, ""l""]]"
11849,4990085,20161007_Zone2_S2_112,idenise,3130,1.13,23163595,2016-12-12 14:52:48 UTC,0:00:16,"[900, 675]",No,[],[],[]
11850,4984641,20161003_Zone4_S4_241,Visitor,3130,1.13,23163596,2016-12-12 14:52:49 UTC,0:01:55,"[2000, 1500]",Yes,"[[131, 991, 160, ""h""], [643, 1451, 164, ""h""], [1068, 1308, 244, ""h""], [1541, 678, 88, ""h""], [464, 652, 156, ""h""]]","[[1449, 121, 242, ""f""], [940, 134, 218, ""f""], [1333, 748, 150, ""f""]]",[]
11851,4986950,20161006_Zone3_S2_0568,Visitor,3130,1.13,23163597,2016-12-12 14:52:50 UTC,0:00:46,"[2000, 1500]",No,[],[],[]
11852,4990682,20161007_Zone2_S3_251,QI4803853a,3130,1.13,23163598,2016-12-12 14:52:50 UTC,0:00:27,"[998, 750]",Yes,[],[],"[[535, 229, 102, ""l""]]"
11853,4983148,20161003_Zone4_S2_154,Visitor,3130,1.13,23163599,2016-12-12 14:52:51 UTC,0:00:26,"[2000, 1500]",No,[],[],[]
11854,4983557,20161003_Zone4_S2_354,Visitor,3130,1.13,23163604,2016-12-12 14:52:59 UTC,0:00:06,"[2000, 1500]",No,[],[],[]
11855,4990071,20161007_Zone2_S2_098,Reset1313,3130,1.13,23163606,2016-12-12 14:53:00 UTC,0:00:43,"[900, 675]",No,[],[],[]
11856,4990712,20161007_Zone2_S3_267,idenise,3130,1.13,23163607,2016-12-12 14:53:00 UTC,0:00:10,"[998, 750]",No,[],[],[]
11857,4985432,20161006_Zone3_S1_0252,Visitor,3130,1.13,23163612,2016-12-12 14:53:03 UTC,0:00:12,"[2000, 1500]",Yes,[],[],[]
11858,4982356,20161003_Zone4_S1_034,QIf3d5697f,3130,1.13,23163616,2016-12-12 14:53:07 UTC,0:00:18,"[2000, 1500]",Yes,"[[1568, 378, 300, ""h""], [1087, 1149, 112, ""h""]]",[],[]
11859,4985424,20161006_Zone3_S1_0248,Visitor,3130,1.13,23163619,2016-12-12 14:53:09 UTC,0:00:09,"[2000, 1500]",No,[],[],[]
11860,4983495,20161003_Zone4_S2_323,Visitor,3130,1.13,23163624,2016-12-12 14:53:13 UTC,0:04:31,"[2000, 1500]",Yes,[],[],"[[883, 611, 449, ""l""]]"
11861,4985830,20161006_Zone3_S2_0358,Visitor,3130,1.13,23163627,2016-12-12 14:53:16 UTC,0:01:15,"[2000, 1500]",No,[],[],[]
11862,4984687,20161003_Zone4_S4_267,QIf3d5697f,3130,1.13,23163631,2016-12-12 14:53:25 UTC,0:00:14,"[2000, 1500]",No,[],[],[]
11863,4986175,20161006_Zone3_S2_0525,Pharaonics,3130,1.13,23163633,2016-12-12 14:53:26 UTC,0:01:08,"[2000, 1500]",Yes,"[[832, 1263, 110, ""h""], [1397, 701, 130, ""h""]]",[],"[[1714, -192, 471, ""l""], [1998, 1166, 263, ""l""]]"
11864,4990528,20161007_Zone2_S3_168,Visitor,3130,1.13,23163635,2016-12-12 14:53:29 UTC,0:00:19,"[998, 750]",Yes,[],"[[679, 177, 203, ""f""]]","[[354, 230, 223, ""l""]]"
11865,4989504,20161007_Zone1_S3_038,idenise,3130,1.13,23163636,2016-12-12 14:53:30 UTC,0:00:28,"[898, 675]",Yes,"[[720, 76, 49, ""h""], [167, 382, 41, ""h""]]",[],[]
11866,4992965,20161006_Zone5_S4_185,QI4803853a,3130,1.13,23163638,2016-12-12 14:53:32 UTC,0:00:41,"[2000, 1500]",No,[],[],[]
11867,4989505,20161007_Zone1_S3_039,1297192203,3130,1.13,23163639,2016-12-12 14:53:32 UTC,0:00:23,"[898, 675]",Yes,[],[],[]
11868,4990008,20161007_Zone2_S2_035,Visitor,3130,1.13,23163641,2016-12-12 14:53:34 UTC,0:04:27,"[900, 675]",Yes,"[[625, 511, 69, ""h""]]",[],"[[369, 227, 199, ""l""]]"
11869,4993039,20161004_Zone6_S1_050,1297192203,3130,1.13,23163644,2016-12-12 14:53:40 UTC,0:00:06,"[1300, 975]",Yes,[],[],[]
11870,4991556,20161006_Zone5_S1_083,QIf3d5697f,3130,1.13,23163647,2016-12-12 14:53:49 UTC,0:00:22,"[2000, 1500]",Yes,"[[501, 380, 284, ""h""]]",[],[]
11871,4990874,20161007_Zone2_S4_082,Reset1313,3130,1.13,23163650,2016-12-12 14:53:53 UTC,0:00:48,"[1060, 795]",Yes,"[[385, 412, 96, ""h""], [768, 610, 88, ""h""], [836, 779, 58, ""h""]]","[[396, 72, 171, ""f""], [485, 265, 77, ""f""], [67, 430, 104, ""f""], [66, 59, 116, ""f""], [60, 259, 75, ""f""]]",[]
11872,4991005,20161007_Zone2_S4_149,QIf3d5697f,3130,1.13,23163653,2016-12-12 14:53:56 UTC,0:00:06,"[1060, 795]",No,[],[],[]
11873,4992496,20161006_Zone5_S3_101,Carolo52,3130,1.13,23163654,2016-12-12 14:53:56 UTC,0:01:18,"[1995, 1500]",Yes,"[[1200, 763, 84, ""h""]]",[],"[[19, 822, 104, ""l""], [1493, 1087, 176, ""l""], [927, 114, 121, ""l""]]"
11874,4992980,20161006_Zone5_S4_200,Visitor,3130,1.13,23163664,2016-12-12 14:54:07 UTC,0:00:50,"[2000, 1500]",Yes,"[[507, 115, 69, ""h""], [196, 348, 154, ""h""], [391, 292, 52, ""h""], [849, 390, 92, ""h""], [829, 885, 74, ""h""], [1048, 1195, 46, ""h""], [1060, 1357, 65, ""h""]]",[],"[[1813, 929, 151, ""l""]]"
11875,4985098,20161006_Zone3_S1_0077,Pharaonics,3130,1.13,23163665,2016-12-12 14:54:08 UTC,0:00:41,"[749, 562]",Yes,"[[325, 402, 196, ""h""], [541, 111, 137, ""h""], [713, 97, 76, ""h""]]",[],[]
11876,4985017,20161006_Zone3_S1_0037,Visitor,3130,1.13,23163666,2016-12-12 14:54:09 UTC,0:00:25,"[2000, 1500]",Yes,"[[1585, 353, 145, ""h""]]",[],"[[1159, 893, 332, ""l""]]"
11877,4989211,20161006_Zone3_S4_1183,1297192203,3130,1.13,23163668,2016-12-12 14:54:09 UTC,0:00:09,"[2000, 1500]",Yes,[],[],[]
11878,4992110,20161006_Zone5_S2_130,QIf3d5697f,3130,1.13,23163677,2016-12-12 14:54:20 UTC,0:00:20,"[2000, 1500]",Yes,[],[],"[[944, 675, 426, ""l""]]"
11879,4989382,20161007_Zone1_S2_036,Visitor,3130,1.13,23163680,2016-12-12 14:54:24 UTC,0:00:49,"[900, 675]",Yes,"[[418, 300, 31, ""h""]]","[[804, 172, 36, ""f""]]","[[743, 502, 195, ""l""], [210, 325, 69, ""l""], [111, 61, 71, ""l""], [311, 600, 43, ""l""], [108, 630, 91, ""l""]]"
11880,4993025,20161004_Zone6_S1_036,Visitor,3130,1.13,23163682,2016-12-12 14:54:27 UTC,0:00:17,"[1300, 975]",Yes,"[[1076, 518, 43, ""h""]]",[],[]
11881,4984238,20161003_Zone4_S3_319,Reset1313,3130,1.13,23163692,2016-12-12 14:54:37 UTC,0:00:42,"[1995, 1500]",Yes,"[[1151, 129, 136, ""h""]]",[],"[[1256, 1259, 215, ""l""], [449, 1161, 253, ""l""]]"
11882,4985772,20161006_Zone3_S2_0329,QIf3d5697f,3130,1.13,23163698,2016-12-12 14:54:43 UTC,0:00:21,"[2000, 1500]",Yes,"[[521, 1043, 303, ""h""], [710, 1389, 134, ""h""], [1691, 239, 170, ""h""]]",[],[]
11883,4984699,20161003_Zone4_S4_274,QI4803853a,3130,1.13,23163707,2016-12-12 14:54:53 UTC,0:01:21,"[2000, 1500]",Yes,[],[],"[[871, 1129, 171, ""l""]]"
11884,4991598,20161006_Zone5_S1_101,Carolo52,3130,1.13,23163711,2016-12-12 14:54:56 UTC,0:00:57,"[2000, 1500]",Yes,"[[1689, 740, 210, ""h""]]","[[991, 126, 120, ""f""], [47, 656, 198, ""f""], [47, 1053, 211, ""f""], [1633, 210, 352, ""f""]]",[]
11885,4986214,20161006_Zone3_S2_0543,CuriousGeneticist,3130,1.13,23163713,2016-12-12 14:54:57 UTC,0:06:04,"[2000, 1500]",No,[],[],[]
11886,4992214,20161006_Zone5_S2_178,Reset1313,3130,1.13,23163721,2016-12-12 14:55:16 UTC,0:00:38,"[2000, 1500]",Yes,"[[904, 538, 122, ""h""], [677, 1152, 93, ""h""], [541, 1310, 58, ""h""]]",[],"[[1740, 1088, 309, ""l""]]"
11887,4990433,20161007_Zone2_S3_118,Visitor,3130,1.13,23163728,2016-12-12 14:55:24 UTC,0:05:54,"[998, 750]",Yes,"[[818, 331, 45, ""h""], [248, 670, 43, ""h""]]",[],[]
11888,4983128,20161003_Zone4_S2_144,Visitor,3130,1.13,23163740,2016-12-12 14:55:35 UTC,0:07:24,"[2000, 1500]",Yes,"[[767, 1375, 181, ""h""], [852, 900, 133, ""h""], [1379, 761, 97, ""h""], [242, 1011, 122, ""h""], [176, 357, 86, ""h""], [74, 636, 126, ""h""]]",[],[]
11889,4983053,20161003_Zone4_S2_105,Visitor,3130,1.13,23163743,2016-12-12 14:55:36 UTC,0:00:46,"[2000, 1500]",No,[],[],[]
11890,4989658,20161007_Zone1_S4_072,QIf3d5697f,3130,1.13,23163746,2016-12-12 14:55:38 UTC,0:00:49,"[900, 675]",Yes,"[[281, 94, 83, ""h""], [748, 578, 69, ""h""], [536, 553, 83, ""h""], [118, 313, 70, ""h""], [46, 578, 99, ""h""], [147, 62, 69, ""h""]]","[[277, 563, 107, ""f""]]","[[501, 15, 123, ""l""]]"
11891,4993131,20161004_Zone6_S1_137,Reset1313,3130,1.13,23163755,2016-12-12 14:55:47 UTC,0:00:30,"[1300, 975]",Yes,"[[1267, 5, 56, ""h""], [980, 849, 39, ""h""]]","[[588, 362, 204, ""f""]]",[]
11892,4989122,20161006_Zone3_S4_1094,QIf3d5697f,3130,1.13,23163766,2016-12-12 14:55:56 UTC,0:00:17,"[2000, 1500]",Yes,"[[444, 484, 342, ""h""], [1259, 1303, 144, ""h""]]",[],[]
11893,4986077,20161006_Zone3_S2_0477,idenise,3130,1.13,23163767,2016-12-12 14:55:58 UTC,0:02:27,"[2000, 1500]",Yes,[],"[[813, 1180, 146, ""f""], [337, 1371, 85, ""f""], [181, 1377, 62, ""f""]]","[[573, 201, 84, ""l""], [1261, 581, 89, ""l""], [1966, 1044, 109, ""l""], [1464, 120, 69, ""l""]]"
11894,4989122,20161006_Zone3_S4_1094,Uganalandia,3130,1.13,23163774,2016-12-12 14:56:06 UTC,0:00:37,"[2000, 1500]",Yes,"[[1288, 1309, 108, ""h""]]",[],[]
11895,4990786,20161007_Zone2_S4_037,Reset1313,3130,1.13,23163778,2016-12-12 14:56:12 UTC,0:00:22,"[1060, 795]",Yes,"[[519, 330, 48, ""h""], [856, 75, 34, ""h""]]",[],"[[501, 705, 128, ""l""]]"
11896,4985235,20161006_Zone3_S1_0147,QI4803853a,3130,1.13,23163784,2016-12-12 14:56:17 UTC,0:01:22,"[2000, 1500]",Yes,[],[],"[[146, 1178, 227, ""l""], [205, 246, 208, ""l""], [1743, 1267, 228, ""l""]]"
11897,4985866,20161006_Zone3_S2_0376,idenise,3130,1.13,23163798,2016-12-12 14:56:25 UTC,0:00:27,"[2000, 1500]",No,[],[],[]
11898,4992856,20161006_Zone5_S4_076,QIf3d5697f,3130,1.13,23163804,2016-12-12 14:56:28 UTC,0:00:31,"[2000, 1500]",Yes,"[[1702, 816, 288, ""h""]]",[],"[[1143, 1401, 157, ""l""], [761, 1309, 150, ""l""]]"
11899,4982563,20161003_Zone4_S1_241,Uganalandia,3130,1.13,23163811,2016-12-12 14:56:32 UTC,0:00:25,"[2000, 1500]",Yes,[],[],[]
11900,4993796,20161004_Zone6_S4_047,QIf3d5697f,3130,1.13,23163820,2016-12-12 14:56:39 UTC,0:00:10,"[1200, 900]",No,[],[],[]
11901,4991748,20161006_Zone5_S1_170,QI4803853a,3130,1.13,23163835,2016-12-12 14:56:52 UTC,0:00:31,"[2000, 1500]",Yes,[],[],"[[1679, 1301, 284, ""l""]]"
11902,4991911,20161006_Zone5_S2_038,idenise,3130,1.13,23163840,2016-12-12 14:56:56 UTC,0:00:27,"[2000, 1500]",Yes,[],[],"[[260, 914, 194, ""l""], [402, 1348, 102, ""l""]]"
11903,4984258,20161003_Zone4_S3_331,Uganalandia,3130,1.13,23163851,2016-12-12 14:57:06 UTC,0:00:27,"[1995, 1500]",Yes,"[[947, 424, 115, ""h""], [1045, 888, 109, ""h""], [798, 942, 109, ""h""], [1383, 1160, 89, ""h""]]",[],"[[296, 335, 163, ""l""], [65, 79, 149, ""l""]]"
11904,4984057,20161003_Zone4_S3_224,idenise,3130,1.13,23163852,2016-12-12 14:57:06 UTC,0:00:09,"[1995, 1500]",No,[],[],[]
11905,4990159,20161007_Zone2_S2_186,QIefa4d0d7,3130,1.13,23163862,2016-12-12 14:57:14 UTC,0:04:22,"[900, 675]",Yes,"[[874, 417, 28, ""h""], [812, 417, 28, ""h""], [878, 628, 35, ""h""]]",[],[]
11906,4990937,20161007_Zone2_S4_113,Uganalandia,3130,1.13,23163867,2016-12-12 14:57:19 UTC,0:00:14,"[1060, 795]",Yes,[],[],"[[555, 485, 72, ""l""]]"
11907,4986951,20161006_Zone3_S2_0569,QI4803853a,3130,1.13,23163872,2016-12-12 14:57:24 UTC,0:00:30,"[2000, 1500]",No,[],[],[]
11908,4985024,20161006_Zone3_S1_0040,Visitor,3130,1.13,23163877,2016-12-12 14:57:26 UTC,0:14:51,"[2000, 1500]",No,[],[],[]
11909,4982453,20161003_Zone4_S1_131,Visitor,3130,1.13,23163879,2016-12-12 14:57:29 UTC,0:00:32,"[2000, 1500]",Yes,"[[876, 325, 225, ""h""]]",[],[]
11910,4983816,20161003_Zone4_S3_104,idenise,3130,1.13,23163880,2016-12-12 14:57:31 UTC,0:00:23,"[1995, 1500]",Yes,[],"[[314, 1005, 193, ""f""]]",[]
11911,4989681,20161007_Zone1_S4_095,Visitor,3130,1.13,23163884,2016-12-12 14:57:37 UTC,0:04:08,"[900, 675]",Yes,[],"[[319, 193, 265, ""f""]]",[]
11912,4989708,20161007_Zone2_S1_002,Visitor,3130,1.13,23163898,2016-12-12 14:57:57 UTC,0:00:14,"[800, 600]",No,[],[],[]
11913,4988394,20161006_Zone3_S3_0783,Nauter,3130,1.13,23163900,2016-12-12 14:58:01 UTC,0:00:58,"[1995, 1500]",Yes,"[[184, 757, 186, ""h""]]",[],"[[371, 133, 169, ""l""]]"
11914,4982639,20161003_Zone4_S1_317,Visitor,3130,1.13,23163915,2016-12-12 14:58:27 UTC,0:00:53,"[2000, 1500]",Yes,[],"[[319, 1119, 750, ""f""]]",[]
11915,4988525,20161006_Zone3_S3_0837,Visitor,3130,1.13,23163920,2016-12-12 14:58:42 UTC,0:02:15,"[1995, 1500]",No,[],[],[]
11916,4985001,20161006_Zone3_S1_0029,QI4803853a,3130,1.13,23163923,2016-12-12 14:58:52 UTC,0:01:27,"[2000, 1500]",Yes,"[[1452, 1385, 153, ""h""], [1664, 74, 131, ""h""], [945, 577, 163, ""h""], [1088, 271, 167, ""h""], [861, 74, 141, ""h""], [688, 261, 147, ""h""], [472, 79, 155, ""h""]]",[],[]
11917,4992340,20161006_Zone5_S3_029,Visitor,3130,1.13,23163926,2016-12-12 14:58:57 UTC,0:00:10,"[1995, 1500]",No,[],[],[]
11918,4982663,20161003_Zone4_S1_341,Visitor,3130,1.13,23163933,2016-12-12 14:59:05 UTC,0:00:08,"[2000, 1500]",No,[],[],[]
11919,4989967,20161007_Zone2_S1_261,esilverb,3130,1.13,23163942,2016-12-12 14:59:16 UTC,0:09:03,"[800, 600]",Yes,"[[648, 312, 43, ""h""], [408, 235, 37, ""h""]]","[[312, 487, 41, ""f""], [202, 237, 39, ""f""], [316, 279, 33, ""f""], [256, 288, 32, ""f""]]",[]
11920,4986099,20161006_Zone3_S2_0488,Visitor,3130,1.13,23163957,2016-12-12 14:59:31 UTC,0:00:25,"[1200, 900]",No,[],[],[]
11921,4989497,20161007_Zone1_S3_031,Visitor,3130,1.13,23163959,2016-12-12 14:59:32 UTC,0:03:31,"[898, 675]",Yes,[],"[[690, 431, 123, ""f""], [51, 37, 41, ""f""]]",[]
11922,4983502,20161003_Zone4_S2_327,QI4803853a,3130,1.13,23163986,2016-12-12 15:00:00 UTC,0:01:05,"[2000, 1500]",Yes,"[[905, 1109, 199, ""h""], [1595, 813, 124, ""h""], [1526, 1296, 128, ""h""], [1970, 1400, 134, ""h""], [1531, 552, 135, ""h""]]",[],[]
11923,4989580,20161007_Zone1_S3_114,Visitor,3130,1.13,23163998,2016-12-12 15:00:15 UTC,0:03:49,"[898, 675]",Yes,"[[431, 373, 68, ""h""], [80, 624, 59, ""h""], [259, 408, 48, ""h""]]","[[863, 612, 59, ""f""], [739, 292, 54, ""f""]]","[[304, 491, 146, ""l""], [267, 241, 44, ""l""]]"
11924,4993510,20161004_Zone6_S3_049,Visitor,3130,1.13,23164003,2016-12-12 15:00:21 UTC,0:00:40,"[1197, 900]",Yes,[],"[[625, 819, 70, ""f""]]","[[1139, 496, 49, ""l""]]"
11925,4988296,20161006_Zone3_S3_0739,Nauter,3130,1.13,23164008,2016-12-12 15:00:27 UTC,0:02:25,"[1995, 1500]",Yes,"[[1567, 621, 80, ""h""], [461, 201, 68, ""h""]]",[],"[[1312, 785, 162, ""l""], [793, 1417, 175, ""l""], [628, 235, 87, ""l""]]"
11926,4993495,20161004_Zone6_S3_041,Visitor,3130,1.13,23164011,2016-12-12 15:00:31 UTC,0:00:26,"[1197, 900]",No,[],[],[]
11927,4989884,20161007_Zone2_S1_178,Visitor,3130,1.13,23164013,2016-12-12 15:00:32 UTC,0:00:10,"[800, 600]",No,[],[],[]
11928,4982423,20161003_Zone4_S1_101,QI4803853a,3130,1.13,23164021,2016-12-12 15:00:44 UTC,0:00:42,"[2000, 1500]",No,[],[],[]
11929,4982494,20161003_Zone4_S1_172,Visitor,3130,1.13,23164023,2016-12-12 15:00:47 UTC,0:01:13,"[2000, 1500]",Yes,[],[],"[[865, 813, 442, ""l""], [2588, 1002, 770, ""l""]]"
11930,4983495,20161003_Zone4_S2_323,Carolo52,3130,1.13,23164024,2016-12-12 15:00:48 UTC,0:05:50,"[2000, 1500]",Yes,"[[745, 47, 152, ""h""]]","[[66, 1388, 181, ""f""]]","[[287, 841, 114, ""l""], [533, 746, 91, ""l""], [1080, 740, 114, ""l""], [734, 673, 124, ""l""], [957, 249, 101, ""l""], [1103, 483, 93, ""l""], [1985, 1056, 219, ""l""]]"
11931,4983850,20161003_Zone4_S3_121,OwenEdmonds,3130,1.13,23164028,2016-12-12 15:00:56 UTC,0:01:48,"[1995, 1500]",Yes,"[[233, 801, 130, ""h""]]","[[998, 977, 224, ""f""]]",[]
11932,4986192,20161006_Zone3_S2_0532,QIefa4d0d7,3130,1.13,23164029,2016-12-12 15:00:56 UTC,0:03:37,"[2000, 1500]",Yes,"[[1230, 799, 101, ""h""], [1855, 523, 107, ""h""], [773, 511, 72, ""h""], [702, 1270, 97, ""h""], [806, 1258, 100, ""h""], [1301, 2, 101, ""h""], [939, 2, 82, ""h""]]",[],"[[42, 1024, 622, ""l""], [1745, 1000, 238, ""l""]]"
11933,4989023,20161006_Zone3_S4_1052,QIe56d1e90,3130,1.13,23164039,2016-12-12 15:01:03 UTC,0:01:47,"[2000, 1500]",Yes,"[[1559, 811, 138, ""h""], [707, 275, 155, ""h""]]",[],[]
11934,4982588,20161003_Zone4_S1_266,Visitor,3130,1.13,23164042,2016-12-12 15:01:05 UTC,0:05:03,"[2000, 1500]",Yes,"[[1678, 1042, 131, ""h""]]",[],[]
11935,4993176,20161004_Zone6_S2_021,malone929,3130,1.13,23164045,2016-12-12 15:01:06 UTC,0:08:56,"[1100, 825]",Yes,"[[962, 279, 89, ""h""]]","[[98, 167, 108, ""f""], [986, 611, 87, ""f""]]","[[57, 710, 89, ""l""]]"
11936,4990756,20161007_Zone2_S4_022,Nauter,3130,1.13,23164049,2016-12-12 15:01:12 UTC,0:00:41,"[1060, 795]",Yes,[],[],"[[169, 209, 166, ""l""]]"
11937,4985160,20161006_Zone3_S1_0110,QI4803853a,3130,1.13,23164053,2016-12-12 15:01:14 UTC,0:00:29,"[2000, 1500]",Yes,[],[],"[[1147, 1355, 230, ""l""]]"
11938,4984371,20161003_Zone4_S4_020,dickdg,3130,1.13,23164062,2016-12-12 15:01:22 UTC,0:02:40,"[2000, 1500]",Yes,[],"[[890, 950, 63, ""f""], [549, 1091, 196, ""f""], [173, 848, 155, ""f""], [1418, 285, 211, ""f""], [865, 340, 95, ""f""]]","[[1309, 1187, 72, ""l""], [1248, 895, 77, ""l""], [1089, 1339, 126, ""l""], [1130, 1090, 111, ""l""]]"
11939,4983959,20161003_Zone4_S3_172,QIefa4d0d7,3130,1.13,23164064,2016-12-12 15:01:23 UTC,0:00:25,"[1995, 1500]",Yes,[],[],"[[169, 212, 90, ""l""], [1206, 853, 112, ""l""]]"
11940,4993830,20161004_Zone6_S4_063,Visitor,3130,1.13,23164071,2016-12-12 15:01:29 UTC,0:00:54,"[1200, 900]",Yes,"[[168, 69, 73, ""h""]]",[],"[[1122, 385, 120, ""l""], [1115, 593, 84, ""l""], [1132, 128, 82, ""l""]]"
11941,4989248,20161007_Zone1_S1_022,OwenEdmonds,3130,1.13,23164080,2016-12-12 15:01:40 UTC,0:00:40,"[900, 675]",Yes,"[[405, 348, 61, ""h""], [578, 340, 47, ""h""], [319, 274, 54, ""h""]]","[[242, 447, 91, ""f""], [753, 492, 179, ""f""]]","[[814, 74, 68, ""l""], [764, 194, 90, ""l""]]"
11942,4990181,20161007_Zone2_S2_208,QIe56d1e90,3130,1.13,23164082,2016-12-12 15:01:41 UTC,0:00:29,"[900, 675]",Yes,"[[487, 453, 72, ""h""], [860, 387, 55, ""h""]]",[],[]
11943,4989191,20161006_Zone3_S4_1163,QIefa4d0d7,3130,1.13,23164084,2016-12-12 15:01:41 UTC,0:00:14,"[2000, 1500]",No,[],[],[]
11944,4990987,20161007_Zone2_S4_140,QI4803853a,3130,1.13,23164086,2016-12-12 15:01:43 UTC,0:00:26,"[1060, 795]",No,[],[],[]
11945,4986020,20161006_Zone3_S2_0450,QIefa4d0d7,3130,1.13,23164101,2016-12-12 15:01:58 UTC,0:00:15,"[2000, 1500]",No,[],[],[]
11946,4985847,20161006_Zone3_S2_0367,QIe56d1e90,3130,1.13,23164106,2016-12-12 15:02:04 UTC,0:00:20,"[2000, 1500]",Yes,"[[1041, 159, 200, ""h""], [1896, 351, 187, ""h""]]",[],[]
11947,4993822,20161004_Zone6_S4_059,Visitor,3130,1.13,23164113,2016-12-12 15:02:11 UTC,0:02:42,"[1200, 900]",Yes,"[[348, 758, 86, ""h""], [700, 823, 132, ""h""], [907, 476, 76, ""h""]]",[],"[[614, 61, 58, ""l""], [1144, 433, 106, ""l""]]"
11948,4982596,20161003_Zone4_S1_274,dmpeterson82,3130,1.13,23164117,2016-12-12 15:02:16 UTC,0:03:56,"[2000, 1500]",Yes,[],[],"[[1577, 702, 339, ""l""]]"
11949,4985207,20161006_Zone3_S1_0133,QIe56d1e90,3130,1.13,23164131,2016-12-12 15:02:30 UTC,0:00:25,"[2000, 1500]",Yes,"[[563, 288, 251, ""h""], [414, 703, 170, ""h""], [1130, 723, 210, ""h""], [1772, 1312, 311, ""h""]]",[],[]
11950,4993000,20161004_Zone6_S1_011,esilverb,3130,1.13,23164135,2016-12-12 15:02:35 UTC,0:03:06,"[1300, 975]",Yes,[],"[[1016, 521, 325, ""f""], [1205, 76, 73, ""f""], [560, 293, 192, ""f""]]",[]
11951,4989562,20161007_Zone1_S3_096,QI4803853a,3130,1.13,23164137,2016-12-12 15:02:36 UTC,0:00:50,"[898, 675]",Yes,"[[583, 128, 40, ""h""], [34, 276, 43, ""h""]]",[],"[[176, 321, 107, ""l""]]"
11952,4989266,20161007_Zone1_S1_040,QIefa4d0d7,3130,1.13,23164138,2016-12-12 15:02:36 UTC,0:00:37,"[900, 675]",Yes,[],"[[27, 259, 141, ""f""]]",[]
11953,4990277,20161007_Zone2_S3_006,QIe56d1e90,3130,1.13,23164144,2016-12-12 15:02:39 UTC,0:00:07,"[998, 750]",No,[],[],[]
11954,4991985,20161006_Zone5_S2_072,sterbur,3130,1.13,23164146,2016-12-12 15:02:40 UTC,0:01:09,"[2000, 1500]",Yes,"[[120, 1390, 125, ""h""], [1536, 1272, 123, ""h""], [1851, 1483, 82, ""h""]]","[[818, 800, 236, ""f""], [378, 998, 240, ""f""], [917, 198, 135, ""f""]]","[[369, 258, 442, ""l""]]"
11955,4983863,20161003_Zone4_S3_127,QIe56d1e90,3130,1.13,23164154,2016-12-12 15:02:49 UTC,0:00:06,"[1995, 1500]",No,[],[],[]
11956,4990079,20161007_Zone2_S2_106,OwenEdmonds,3130,1.13,23164155,2016-12-12 15:02:50 UTC,0:01:09,"[900, 675]",Yes,"[[189, 621, 77, ""h""], [178, 43, 78, ""h""], [694, 105, 73, ""h""], [557, 629, 55, ""h""]]","[[401, 336, 48, ""f""]]",[]
11957,4993419,20161004_Zone6_S3_003,Visitor,3130,1.13,23164159,2016-12-12 15:02:52 UTC,0:00:32,"[1995, 1500]",No,[],[],[]
11958,4989263,20161007_Zone1_S1_037,Visitor,3130,1.13,23164164,2016-12-12 15:02:55 UTC,0:08:29,"[900, 675]",Yes,[],[],"[[142, 636, 147, ""l""]]"
11959,4992631,20161006_Zone5_S3_163,QIe56d1e90,3130,1.13,23164173,2016-12-12 15:03:02 UTC,0:00:12,"[1995, 1500]",No,[],[],[]
11960,4988742,20161006_Zone3_S4_0933,Carolo52,3130,1.13,23164179,2016-12-12 15:03:06 UTC,0:02:17,"[2000, 1500]",Yes,"[[55, 478, 104, ""h""], [153, 668, 81, ""h""], [30, 606, 95, ""h""], [994, 1444, 77, ""h""], [499, 1411, 112, ""h""]]",[],"[[231, 237, 103, ""l""], [1829, 754, 89, ""l""], [1935, 349, 100, ""l""], [1985, 17, 126, ""l""]]"
11961,4989182,20161006_Zone3_S4_1154,QI4803853a,3130,1.13,23164190,2016-12-12 15:03:17 UTC,0:00:41,"[2000, 1500]",Yes,[],[],"[[1069, 1361, 135, ""l""]]"
11962,4990730,20161007_Zone2_S4_009,Bez,3130,1.13,23164196,2016-12-12 15:03:27 UTC,0:03:10,"[1060, 795]",No,[],[],[]
11963,4992894,20161006_Zone5_S4_114,QIe56d1e90,3130,1.13,23164198,2016-12-12 15:03:28 UTC,0:00:25,"[2000, 1500]",Yes,"[[1903, 126, 289, ""h""], [303, 1325, 229, ""h""], [1233, 149, 342, ""h""]]",[],[]
11964,4990481,20161007_Zone2_S3_143,OwenEdmonds,3130,1.13,23164199,2016-12-12 15:03:31 UTC,0:00:40,"[998, 750]",Yes,"[[345, 43, 86, ""h""], [386, 248, 69, ""h""], [479, 650, 142, ""h""], [287, 705, 79, ""h""], [99, 681, 85, ""h""], [925, 108, 84, ""h""], [847, 201, 88, ""h""], [929, 307, 74, ""h""], [857, 348, 70, ""h""]]",[],[]
11965,4989135,20161006_Zone3_S4_1107,Visitor,3130,1.13,23164201,2016-12-12 15:03:36 UTC,0:00:41,"[2000, 1500]",Yes,[],"[[684, 597, 1540, ""f""]]",[]
11966,4983708,20161003_Zone4_S3_048,jennyr35,3130,1.13,23164203,2016-12-12 15:03:39 UTC,0:04:18,"[1995, 1500]",Yes,"[[1678, 1032, 202, ""h""]]",[],"[[846, 941, 222, ""l""]]"
11967,4986955,20161006_Zone3_S2_0573,sterbur,3130,1.13,23164207,2016-12-12 15:03:45 UTC,0:01:03,"[2000, 1500]",Yes,"[[1249, 1285, 118, ""h""]]","[[267, 1355, 151, ""f""], [142, 922, 110, ""f""]]",[]
11968,4992620,20161006_Zone5_S3_158,QIe56d1e90,3130,1.13,23164209,2016-12-12 15:03:47 UTC,0:00:18,"[1995, 1500]",Yes,"[[277, 1095, 535, ""h""], [1641, 1016, 301, ""h""]]",[],[]
11969,4982431,20161003_Zone4_S1_109,Visitor,3130,1.13,23164213,2016-12-12 15:03:55 UTC,0:00:31,"[2000, 1500]",Yes,[],[],[]
11970,4989066,20161006_Zone3_S4_1070,QIe56d1e90,3130,1.13,23164215,2016-12-12 15:03:55 UTC,0:00:06,"[2000, 1500]",No,[],[],[]
11971,4988747,20161006_Zone3_S4_0935,Visitor,3130,1.13,23164216,2016-12-12 15:03:56 UTC,0:01:00,"[2000, 1500]",Yes,"[[1253, 520, 84, ""h""], [1130, 641, 64, ""h""], [1000, 664, 56, ""h""], [927, 1066, 49, ""h""], [690, 931, 54, ""h""], [667, 736, 66, ""h""], [507, 418, 74, ""h""], [264, 1089, 46, ""h""], [1378, 1362, 84, ""h""]]","[[416, 868, 98, ""f""], [1892, 759, 90, ""f""], [758, 376, 139, ""f""]]","[[1692, 803, 77, ""l""], [53, 854, 87, ""l""], [225, 722, 114, ""l""], [418, 713, 79, ""l""], [597, 541, 73, ""l""]]"
11972,4992024,20161006_Zone5_S2_090,OwenEdmonds,3130,1.13,23164218,2016-12-12 15:03:59 UTC,0:00:27,"[2000, 1500]",Yes,"[[733, 952, 251, ""h""], [627, 1235, 219, ""h""], [1889, 765, 220, ""h""]]","[[62, 1113, 229, ""f""]]","[[405, 86, 221, ""l""]]"
11973,4984617,20161003_Zone4_S4_217,QIe56d1e90,3130,1.13,23164221,2016-12-12 15:04:02 UTC,0:00:06,"[2000, 1500]",No,[],[],[]
11974,4993838,20161004_Zone6_S4_067,meceyildirim,3130,1.13,23164227,2016-12-12 15:04:09 UTC,0:00:41,"[1200, 900]",No,[],[],[]
11975,4993471,20161004_Zone6_S3_030,esilverb,3130,1.13,23164234,2016-12-12 15:04:20 UTC,0:01:40,"[1197, 900]",Yes,[],"[[676, 69, 80, ""f""]]","[[1084, 550, 106, ""l""], [978, 401, 78, ""l""], [766, 471, 60, ""l""], [804, 340, 84, ""l""], [308, 342, 108, ""l""]]"
11976,4985898,20161006_Zone3_S2_0391,dmpeterson82,3130,1.13,23164236,2016-12-12 15:04:22 UTC,0:01:51,"[2000, 1500]",No,[],[],[]
11977,4984315,20161003_Zone4_S3_363,Carolo52,3130,1.13,23164239,2016-12-12 15:04:24 UTC,0:01:16,"[1995, 1500]",Yes,[],"[[99, 449, 187, ""f""]]","[[1426, 1441, 93, ""l""]]"
11978,4990487,20161007_Zone2_S3_146,meceyildirim,3130,1.13,23164242,2016-12-12 15:04:28 UTC,0:00:14,"[998, 750]",No,[],[],[]
11979,4985095,20161006_Zone3_S1_0075,jennyr35,3130,1.13,23164243,2016-12-12 15:04:28 UTC,0:00:43,"[749, 562]",Yes,[],[],"[[640, 148, 226, ""l""], [42, 232, 203, ""l""]]"
11980,4989330,20161007_Zone1_S1_104,QIefa4d0d7,3130,1.13,23164244,2016-12-12 15:04:29 UTC,0:01:51,"[900, 675]",Yes,"[[467, 354, 33, ""h""], [472, 317, 33, ""h""], [744, 88, 34, ""h""]]",[],[]
11981,4989991,20161007_Zone2_S2_018,Bez,3130,1.13,23164245,2016-12-12 15:04:29 UTC,0:00:56,"[900, 675]",Yes,[],[],"[[551, 41, 155, ""l""]]"
11982,4984720,20161003_Zone4_S4_285,OwenEdmonds,3130,1.13,23164249,2016-12-12 15:04:30 UTC,0:00:31,"[2000, 1500]",Yes,[],"[[418, 120, 175, ""f""]]","[[1062, 595, 501, ""l""]]"
11983,4989066,20161006_Zone3_S4_1070,Visitor,3130,1.13,23164251,2016-12-12 15:04:32 UTC,0:02:59,"[2000, 1500]",No,[],[],[]
11984,4991678,20161006_Zone5_S1_137,Visitor,3130,1.13,23164253,2016-12-12 15:04:33 UTC,0:02:02,"[2000, 1500]",Yes,"[[1046, 950, 221, ""h""]]",[],"[[641, 609, 90, ""l""], [1248, 1250, 185, ""l""]]"
11985,4991771,20161006_Zone5_S1_180,bethgg,3130,1.13,23164268,2016-12-12 15:04:52 UTC,0:00:43,"[2000, 1500]",Yes,[],[],[]
11986,4989827,20161007_Zone2_S1_121,QIefa4d0d7,3130,1.13,23164271,2016-12-12 15:04:55 UTC,0:00:25,"[800, 600]",Yes,"[[583, 320, 35, ""h""]]",[],"[[551, 207, 46, ""l""]]"
11987,4989555,20161007_Zone1_S3_089,Visitor,3130,1.13,23164281,2016-12-12 15:05:07 UTC,0:00:32,"[898, 675]",Yes,[],"[[249, 226, 114, ""f""]]",[]
11988,4988404,20161006_Zone3_S3_0787,jennyr35,3130,1.13,23164286,2016-12-12 15:05:14 UTC,0:00:44,"[1197, 900]",Yes,"[[956, 507, 101, ""h""]]",[],"[[217, 108, 171, ""l""]]"
11989,4993131,20161004_Zone6_S1_137,Nauter,3130,1.13,23164296,2016-12-12 15:05:29 UTC,0:01:44,"[1300, 975]",Yes,"[[977, 837, 69, ""h""]]","[[47, 138, 175, ""f""], [592, 355, 229, ""f""]]","[[1219, 896, 88, ""l""]]"
11990,4990963,20161007_Zone2_S4_127,QIefa4d0d7,3130,1.13,23164298,2016-12-12 15:05:31 UTC,0:00:34,"[1060, 795]",Yes,"[[1019, 431, 47, ""h""]]",[],[]
11991,4989971,20161007_Zone2_S1_265,meceyildirim,3130,1.13,23164303,2016-12-12 15:05:37 UTC,0:01:08,"[800, 600]",Yes,[],[],"[[464, 258, 77, ""l""]]"
11992,4993188,20161004_Zone6_S2_027,QIefa4d0d7,3130,1.13,23164316,2016-12-12 15:05:53 UTC,0:00:22,"[1100, 825]",Yes,"[[849, 369, 63, ""h""]]",[],[]
11993,4982645,20161003_Zone4_S1_323,akzeigler,3130,1.13,23164318,2016-12-12 15:05:54 UTC,0:17:18,"[2000, 1500]",Yes,"[[1637, 137, 157, ""h""], [1793, 733, 161, ""h""]]",[],[]
11994,4986956,20161006_Zone3_S2_0574,jennyr35,3130,1.13,23164319,2016-12-12 15:05:54 UTC,0:00:37,"[2000, 1500]",Yes,[],"[[940, 800, 287, ""f""]]","[[564, 123, 249, ""l""], [557, 614, 142, ""l""]]"
11995,4989777,20161007_Zone2_S1_071,Bez,3130,1.13,23164320,2016-12-12 15:05:55 UTC,0:01:20,"[800, 600]",Yes,"[[264, 368, 65, ""h""]]","[[220, 524, 96, ""f""]]",[]
11996,4989966,20161007_Zone2_S1_260,esilverb,3130,1.13,23164324,2016-12-12 15:06:01 UTC,0:01:39,"[800, 600]",Yes,[],[],"[[474, 210, 79, ""l""], [766, 322, 37, ""l""], [56, 542, 64, ""l""], [668, 532, 66, ""l""]]"
11997,4983464,20161003_Zone4_S2_307,OwenEdmonds,3130,1.13,23164328,2016-12-12 15:06:06 UTC,0:01:36,"[2000, 1500]",Yes,"[[1070, 999, 256, ""h""], [1499, 957, 155, ""h""], [1668, 687, 117, ""h""], [1651, 155, 129, ""h""], [1821, 495, 219, ""h""]]","[[1444, 715, 148, ""f""], [1124, 306, 356, ""f""]]","[[739, 1281, 348, ""l""], [1447, 1408, 208, ""l""]]"
11998,4983528,20161003_Zone4_S2_340,Carolo52,3130,1.13,23164331,2016-12-12 15:06:11 UTC,0:01:46,"[2000, 1500]",Yes,[],"[[1407, 986, 635, ""f""], [681, 271, 96, ""f""], [1991, 25, 337, ""f""]]","[[47, 1427, 83, ""l""]]"
11999,4993441,20161004_Zone6_S3_014,Visitor,3130,1.13,23164332,2016-12-12 15:06:11 UTC,0:03:26,"[1197, 900]",No,[],[],[]
