"","subject_ids","classification_id","workflow_version","task","total_species","species_index","choice","how_many","which_side"
"1",4708094,23492245,325.7,"T0",1,1,"NTHNGHR",NA,NA
"2",4764560,23492246,325.7,"T0",1,1,"NTHNGHR",NA,NA
"3",4713894,23492248,325.7,"T0",1,1,"NTHNGHR",NA,NA
"4",4720170,23492251,325.7,"T0",1,1,"NTHNGHR",NA,NA
"5",4760085,23492253,325.7,"T0",1,1,"NTHNGHR",NA,NA
"6",4797248,23492256,325.7,"T0",1,1,"NTHNGHR",NA,NA
"7",4901442,23492260,325.7,"T0",1,1,"NTHNGHR",NA,NA
"8",4920762,23492263,325.7,"T0",1,1,"NTHNGHR",NA,NA
"9",4925493,23492266,325.7,"T0",1,1,"NTHNGHR",NA,NA
"10",4673499,23492269,325.7,"T0",1,1,"NTHNGHR",NA,NA
"11",4708004,23492271,325.7,"T0",1,1,"NTHNGHR",NA,NA
"12",4753346,23492272,325.7,"T0",1,1,"NTHNGHR",NA,NA
"13",4757153,23492276,325.7,"T0",1,1,"JCKLSDSTRPD","1","LFTSD"
"14",4774813,23492277,325.7,"T0",1,1,"NTHNGHR",NA,NA
"15",4777860,23492281,325.7,"T0",1,1,"NTHNGHR",NA,NA
"16",4789240,23492282,325.7,"T0",1,1,"NTHNGHR",NA,NA
"17",4885099,23492284,325.7,"T0",1,1,"NTHNGHR",NA,NA
"18",4894787,23492286,325.7,"T0",1,1,"NTHNGHR",NA,NA
"19",4906639,23492288,325.7,"T0",1,1,"NTHNGHR",NA,NA
"20",4671225,23492290,325.7,"T0",1,1,"NTHNGHR",NA,NA
"21",4696912,23492291,325.7,"T0",1,1,"NTHNGHR",NA,NA
"22",4717969,23492294,325.7,"T0",1,1,"NTHNGHR",NA,NA
"23",4735449,23492298,325.7,"T0",1,1,"NTHNGHR",NA,NA
"24",4788189,23492304,325.7,"T0",1,1,"DKRSTNBK","1","FRNT"
"25",4810860,23492305,325.7,"T0",1,1,"FR",NA,NA
"26",4822796,23492308,325.7,"T0",1,1,"NTHNGHR",NA,NA
"27",4828384,23492317,325.7,"T0",1,1,"FR",NA,NA
"28",4837398,23492322,325.7,"T0",1,1,"NTHNGHR",NA,NA
"29",4854028,23492323,325.7,"T0",1,1,"NTHNGHR",NA,NA
"30",4869311,23492327,325.7,"T0",1,1,"NTHNGHR",NA,NA
"31",4898057,23492329,325.7,"T0",1,1,"NTHNGHR",NA,NA
"32",4690980,23492333,325.7,"T0",1,1,"NTHNGHR",NA,NA
"33",4742024,23492336,325.7,"T0",1,1,"NTHNGHR",NA,NA
"34",4683506,23492342,325.7,"T0",1,1,"NTHNGHR",NA,NA
"35",4777750,23492343,325.7,"T0",1,1,"NTHNGHR",NA,NA
"36",4792513,23492348,325.7,"T0",1,1,"NTHNGHR",NA,NA
"37",4803022,23492352,325.7,"T0",1,1,"NTHNGHR",NA,NA
"38",4690747,23492353,325.7,"T0",1,1,"NTHNGHR",NA,NA
"39",4830652,23492358,325.7,"T0",1,1,"NTHNGHR",NA,NA
"40",4849938,23492360,325.7,"T0",1,1,"NTHNGHR",NA,NA
"41",4800042,23492362,325.7,"T0",1,1,"NTHNGHR",NA,NA
"42",4901799,23492370,325.7,"T0",1,1,"LPHNT","1","RGHTSD"
"43",4837130,23492373,325.7,"T0",1,1,"LPHNT","1","LFTSD"
"44",4801779,23492374,325.7,"T0",1,1,"NTHNGHR",NA,NA
"45",4904675,23492375,325.7,"T0",1,1,"HMNNTVHCLS",NA,NA
"46",4921844,23492376,325.7,"T0",1,1,"NTHNGHR",NA,NA
"47",4809479,23492377,325.7,"T0",1,1,"NTHNGHR",NA,NA
"48",4679635,23492378,325.7,"T0",1,1,"NTHNGHR",NA,NA
"49",4748747,23492381,325.7,"T0",1,1,"NTHNGHR",NA,NA
"50",4812977,23492383,325.7,"T0",1,1,"NTHNGHR",NA,NA
"51",4765356,23492385,325.7,"T0",1,1,"NTHNGHR",NA,NA
"52",4828428,23492387,325.7,"T0",1,1,"NTHNGHR",NA,NA
"53",4817875,23492389,325.7,"T0",1,1,"NTHNGHR",NA,NA
"54",4842643,23492392,325.7,"T0",1,1,"NTHNGHR",NA,NA
"55",4855874,23492394,325.7,"T0",1,1,"WRTHG","2","MLTPLSDSFRMMLTPLNMLS"
"56",4833176,23492395,325.7,"T0",1,1,"NTHNGHR",NA,NA
"57",4879304,23492398,325.7,"T0",1,1,"FR",NA,NA
"58",4746084,23492401,325.7,"T0",1,1,"NTHNGHR",NA,NA
"59",4776942,23492404,325.7,"T0",1,1,"NTHNGHR",NA,NA
"60",4886404,23492405,325.7,"T0",1,1,"NTHNGHR",NA,NA
"61",4775405,23492407,325.7,"T0",1,1,"NTHNGHR",NA,NA
"62",4747208,23492409,325.7,"T0",1,1,"NTHNGHR",NA,NA
"63",4903713,23492411,325.7,"T0",1,1,"FR",NA,NA
"64",4905646,23492417,325.7,"T0",1,1,"NTHNGHR",NA,NA
"65",4751630,23492418,325.7,"T0",1,1,"NTHNGHR",NA,NA
"66",4781900,23492419,325.7,"T0",1,1,"NTHNGHR",NA,NA
"67",4930194,23492421,325.7,"T0",1,1,"NTHNGHR",NA,NA
"68",4802350,23492422,325.7,"T0",1,1,"NTHNGHR",NA,NA
"69",4816644,23492424,325.7,"T0",1,1,"NTHNGHR",NA,NA
"70",4843679,23492428,325.7,"T0",1,1,"NTHNGHR",NA,NA
"71",4864167,23492429,325.7,"T0",1,1,"NTHNGHR",NA,NA
"72",4669485,23492432,325.7,"T0",1,1,"DKRSTNBK","1","BCK"
"73",4873498,23492433,325.7,"T0",1,1,"NTHNGHR",NA,NA
"74",4865423,23492437,325.7,"T0",1,1,"NTHNGHR",NA,NA
"75",4697597,23492439,325.7,"T0",1,1,"NTHNGHR",NA,NA
"76",4873870,23492440,325.7,"T0",1,1,"NTHNGHR",NA,NA
"77",4709091,23492442,325.7,"T0",1,1,"NTHNGHR",NA,NA
"78",4921874,23492444,325.7,"T0",1,1,"NTHNGHR",NA,NA
"79",4755926,23492447,325.7,"T0",1,1,"NTHNGHR",NA,NA
"80",4774067,23492450,325.7,"T0",1,1,"NTHNGHR",NA,NA
"81",4897554,23492454,325.7,"T0",1,1,"FR",NA,NA
"82",4806129,23492456,325.7,"T0",1,1,"NTHNGHR",NA,NA
"83",4889130,23492460,325.7,"T0",1,1,"NTHNGHR",NA,NA
"84",4897907,23492461,325.7,"T0",1,1,"NTHNGHR",NA,NA
"85",4883750,23492463,325.7,"T0",1,1,"DKRSTNBK","1","RGHTSD"
"86",4892129,23492464,325.7,"T0",1,1,"NTHNGHR",NA,NA
"87",4670933,23492466,325.7,"T0",1,1,"NTHNGHR",NA,NA
"88",4923934,23492467,325.7,"T0",1,1,"NTHNGHR",NA,NA
"89",4899775,23492468,325.7,"T0",1,1,"NTHNGHR",NA,NA
"90",4925374,23492471,325.7,"T0",1,1,"NTHNGHR",NA,NA
"91",4692716,23492472,325.7,"T0",1,1,"NTHNGHR",NA,NA
"92",4687061,23492476,325.7,"T0",1,1,"NTHNGHR",NA,NA
"93",4674306,23492477,325.7,"T0",1,1,"NTHNGHR",NA,NA
"94",4722421,23492479,325.7,"T0",1,1,"NTHNGHR",NA,NA
"95",4770362,23492480,325.7,"T0",1,1,"BRD","1","LFTSD"
"96",4723461,23492483,325.7,"T0",1,1,"NTHNGHR",NA,NA
"97",4710290,23492484,325.7,"T0",1,1,"NTHNGHR",NA,NA
"98",4735539,23492486,325.7,"T0",1,1,"NTHNGHR",NA,NA
"99",4800376,23492487,325.7,"T0",1,1,"NTHNGHR",NA,NA
"100",4763549,23492491,325.7,"T0",1,1,"NTHNGHR",NA,NA
"101",4824809,23492492,325.7,"T0",1,1,"NTHNGHR",NA,NA
"102",4794173,23492496,325.7,"T0",1,1,"NTHNGHR",NA,NA
"103",4867922,23492497,325.7,"T0",1,1,"FR",NA,NA
"104",4874794,23492505,325.7,"T0",1,1,"NTHNGHR",NA,NA
"105",4862831,23492506,325.7,"T0",1,1,"NTHNGHR",NA,NA
"106",4883020,23492509,325.7,"T0",1,1,"NTHNGHR",NA,NA
"107",4865921,23492510,325.7,"T0",1,1,"NTHNGHR",NA,NA
"108",4911250,23492511,325.7,"T0",1,1,"NTHNGHR",NA,NA
"109",4894981,23492513,325.7,"T0",1,1,"NTHNGHR",NA,NA
"110",4922704,23492514,325.7,"T0",1,1,"NTHNGHR",NA,NA
"111",4673545,23492518,325.7,"T0",1,1,"NTHNGHR",NA,NA
"112",4901643,23492520,325.7,"T0",1,1,"NTHNGHR",NA,NA
"113",4674824,23492524,325.7,"T0",1,1,"NTHNGHR",NA,NA
"114",4901832,23492526,325.7,"T0",1,1,"VHCL",NA,NA
"115",4705432,23492527,325.7,"T0",1,1,"NTHNGHR",NA,NA
"116",4719710,23492528,325.7,"T0",1,1,"NTHNGHR",NA,NA
"117",4907129,23492531,325.7,"T0",1,1,"NTHNGHR",NA,NA
"118",4753047,23492532,325.7,"T0",1,1,"NTHNGHR",NA,NA
"119",4759330,23492535,325.7,"T0",1,1,"NTHNGHR",NA,NA
"120",4694088,23492536,325.7,"T0",1,1,"NTHNGHR",NA,NA
"121",4814280,23492537,325.7,"T0",1,1,"NTHNGHR",NA,NA
"122",4900944,23492539,325.7,"T0",1,1,"FR",NA,NA
"123",4696728,23492541,325.7,"T0",1,1,"NTHNGHR",NA,NA
"124",4908307,23492542,325.7,"T0",1,1,"NTHNGHR",NA,NA
"125",4923810,23492546,325.7,"T0",1,1,"NTHNGHR",NA,NA
"126",4713713,23492547,325.7,"T0",1,1,"NTHNGHR",NA,NA
"127",4804176,23492548,325.7,"T0",1,1,"BRD","1","FRNT"
"128",4686115,23492549,325.7,"T0",1,1,"NTHNGHR",NA,NA
"129",4772031,23492550,325.7,"T0",1,1,"NTHNGHR",NA,NA
"130",4717992,23492552,325.7,"T0",1,1,"NTHNGHR",NA,NA
"131",4774553,23492556,325.7,"T0",1,1,"NTHNGHR",NA,NA
"132",4723028,23492558,325.7,"T0",1,1,"NTHNGHR",NA,NA
"133",4829024,23492560,325.7,"T0",1,1,"NTHNGHR",NA,NA
"134",4744236,23492562,325.7,"T0",1,1,"NTHNGHR",NA,NA
"135",4798157,23492568,325.7,"T0",1,1,"NTHNGHR",NA,NA
"136",4841404,23492569,325.7,"T0",1,1,"NTHNGHR",NA,NA
"137",4816515,23492570,325.7,"T0",1,1,"NTHNGHR",NA,NA
"138",4845035,23492573,325.7,"T0",1,1,"NTHNGHR",NA,NA
"139",4878435,23492574,325.7,"T0",1,1,"FR",NA,NA
"140",4859795,23492576,325.7,"T0",1,1,"NTHNGHR",NA,NA
"141",4902332,23492578,325.7,"T0",1,1,"NTHNGHR",NA,NA
"142",4903584,23492580,325.7,"T0",1,1,"FR",NA,NA
"143",4879969,23492582,325.7,"T0",1,1,"FR",NA,NA
"144",4666215,23492586,325.7,"T0",1,1,"HMNNTVHCLS",NA,NA
"145",4776154,23492589,325.7,"T0",1,1,"NTHNGHR",NA,NA
"146",4886568,23492590,325.7,"T0",1,1,"NTHNGHR",NA,NA
"147",4784698,23492592,325.7,"T0",1,1,"NTHNGHR",NA,NA
"148",4828372,23492597,325.7,"T0",1,1,"FR",NA,NA
"149",4912997,23492601,325.7,"T0",1,1,"NTHNGHR",NA,NA
"150",4845847,23492602,325.7,"T0",1,1,"NTHNGHR",NA,NA
"151",4882495,23492605,325.7,"T0",1,1,"NTHNGHR",NA,NA
"152",4916316,23492606,325.7,"T0",1,1,"NTHNGHR",NA,NA
"153",4896838,23492609,325.7,"T0",1,1,"NTHNGHR",NA,NA
"154",4720371,23492614,325.7,"T0",1,1,"NTHNGHR",NA,NA
"155",4749003,23492619,325.7,"T0",1,1,"NTHNGHR",NA,NA
"156",4765726,23492622,325.7,"T0",1,1,"NTHNGHR",NA,NA
"157",4800151,23492626,325.7,"T0",1,1,"NTHNGHR",NA,NA
"158",4806981,23492642,325.7,"T0",1,1,"BFFL","4","MLTPLSDSFRMMLTPLNMLS"
"159",4898235,23492645,325.7,"T0",1,1,"NTHNGHR",NA,NA
"160",4907930,23492648,325.7,"T0",1,1,"VHCL",NA,NA
"161",4911896,23492651,325.7,"T0",1,1,"NTHNGHR",NA,NA
"162",4682130,23492654,325.7,"T0",1,1,"NTHNGHR",NA,NA
"163",4692871,23492659,325.7,"T0",1,1,"NTHNGHR",NA,NA
"164",4753962,23492663,325.7,"T0",1,1,"NTHNGHR",NA,NA
"165",4755358,23492666,325.7,"T0",1,1,"NTHNGHR",NA,NA
"166",4760885,23492672,325.7,"T0",1,1,"NTHNGHR",NA,NA
"167",4812568,23492673,325.7,"T0",1,1,"HNSPTTD","1","LFTSD"
"168",4804986,23492675,325.7,"T0",1,1,"NTHNGHR",NA,NA
"169",4834026,23492678,325.7,"T0",1,1,"NTHNGHR",NA,NA
"170",4846873,23492679,325.7,"T0",1,1,"NTHNGHR",NA,NA
"171",4866115,23492683,325.7,"T0",1,1,"NTHNGHR",NA,NA
"172",4887469,23492692,325.7,"T0",1,1,"DKRSTNBK","1","RGHTSD"
"173",4896008,23492695,325.7,"T0",1,1,"NTHNGHR",NA,NA
"174",4913220,23492699,325.7,"T0",1,1,"NTHNGHR",NA,NA
"175",4676858,23492700,325.7,"T0",1,1,"NTHNGHR",NA,NA
"176",4703239,23492702,325.7,"T0",1,1,"NTHNGHR",NA,NA
"177",4719326,23492705,325.7,"T0",1,1,"NTHNGHR",NA,NA
"178",4694086,23492706,325.7,"T0",1,1,"NTHNGHR",NA,NA
"179",4723883,23492708,325.7,"T0",1,1,"NTHNGHR",NA,NA
"180",4783927,23492711,325.7,"T0",1,1,"NTHNGHR",NA,NA
"181",4786100,23492718,325.7,"T0",1,1,"LPHNT","2","LFTSD"
"182",4798188,23492723,325.7,"T0",1,1,"NTHNGHR",NA,NA
"183",4843624,23492726,325.7,"T0",1,1,"NTHNGHR",NA,NA
"184",4844667,23492728,325.7,"T0",1,1,"NTHNGHR",NA,NA
"185",4896484,23492732,325.7,"T0",1,1,"NTHNGHR",NA,NA
"186",4720065,23492733,325.7,"T0",1,1,"NTHNGHR",NA,NA
"187",4720110,23492736,325.7,"T0",1,1,"NTHNGHR",NA,NA
"188",4743849,23492738,325.7,"T0",1,1,"NTHNGHR",NA,NA
"189",4771622,23492741,325.7,"T0",1,1,"HMNNTVHCLS",NA,NA
"190",4917915,23492745,325.7,"T0",1,1,"KD","2","LFTSD"
"191",4787589,23492746,325.7,"T0",1,1,"FR",NA,NA
"192",4811513,23492747,325.7,"T0",1,1,"NTHNGHR",NA,NA
"193",4919125,23492749,325.7,"T0",1,1,"NTHNGHR",NA,NA
"194",4874599,23492750,325.7,"T0",1,1,"NTHNGHR",NA,NA
"195",4681093,23492753,325.7,"T0",1,1,"NTHNGHR",NA,NA
"196",4674972,23492755,325.7,"T0",1,1,"NTHNGHR",NA,NA
"197",4875461,23492757,325.7,"T0",1,1,"NTHNGHR",NA,NA
"198",4890257,23492759,325.7,"T0",1,1,"NTHNGHR",NA,NA
"199",4683935,23492760,325.7,"T0",1,1,"NTHNGHR",NA,NA
"200",4899408,23492762,325.7,"T0",1,1,"NTHNGHR",NA,NA
"201",4704323,23492767,325.7,"T0",1,1,"HMNNTVHCLS",NA,NA
"202",4682703,23492769,325.7,"T0",1,1,"NTHNGHR",NA,NA
"203",4679313,23492772,325.7,"T0",1,1,"NTHNGHR",NA,NA
"204",4739336,23492773,325.7,"T0",1,1,"NTHNGHR",NA,NA
"205",4742163,23492775,325.7,"T0",1,1,"NTHNGHR",NA,NA
"206",4684187,23492777,325.7,"T0",1,1,"NTHNGHR",NA,NA
"207",4763948,23492778,325.7,"T0",1,1,"NTHNGHR",NA,NA
"208",4801411,23492786,325.7,"T0",1,1,"BFFL","3","FRNT"
"209",4824394,23492788,325.7,"T0",1,1,"NTHNGHR",NA,NA
"210",4831211,23492795,325.7,"T0",1,1,"NTHNGHR",NA,NA
"211",4790792,23492797,325.7,"T0",1,1,"BRD","1","LFTSD"
"212",4836914,23492799,325.7,"T0",1,1,"NTHNGHR",NA,NA
"213",4842365,23492804,325.7,"T0",1,1,"NTHNGHR",NA,NA
"214",4792555,23492807,325.7,"T0",1,1,"NTHNGHR",NA,NA
"215",4843513,23492810,325.7,"T0",1,1,"MNKBBN","2","BCK"
"216",4866833,23492811,325.7,"T0",1,1,"NTHNGHR",NA,NA
"217",4874138,23492813,325.7,"T0",1,1,"NTHNGHR",NA,NA
"218",4682511,23492817,325.7,"T0",1,1,"NTHNGHR",NA,NA
"219",4686977,23492821,325.7,"T0",1,1,"NTHNGHR",NA,NA
"220",4696583,23492824,325.7,"T0",1,1,"NTHNGHR",NA,NA
"221",4731385,23492826,325.7,"T0",1,1,"NTHNGHR",NA,NA
"222",4700111,23492827,325.7,"T0",1,1,"NTHNGHR",NA,NA
"223",4744639,23492833,325.7,"T0",1,1,"NTHNGHR",NA,NA
"224",4750188,23492836,325.7,"T0",1,1,"NTHNGHR",NA,NA
"225",4747085,23492839,325.7,"T0",1,1,"NTHNGHR",NA,NA
"226",4772524,23492842,325.7,"T0",1,1,"NTHNGHR",NA,NA
"227",4830950,23492843,325.7,"T0",1,1,"NTHNGHR",NA,NA
"228",4768460,23492844,325.7,"T0",1,1,"NTHNGHR",NA,NA
"229",4903343,23492845,325.7,"T0",1,1,"NTHNGHR",NA,NA
"230",4927700,23492847,325.7,"T0",1,1,"HMNNTVHCLS",NA,NA
"231",4773009,23492850,325.7,"T0",1,1,"NTHNGHR",NA,NA
"232",4674401,23492852,325.7,"T0",1,1,"NTHNGHR",NA,NA
"233",4713332,23492855,325.7,"T0",1,1,"NTHNGHR",NA,NA
"234",4715645,23492857,325.7,"T0",1,1,"NTHNGHR",NA,NA
"235",4807298,23492858,325.7,"T0",1,1,"NTHNGHR",NA,NA
"236",4717685,23492859,325.7,"T0",1,1,"NTHNGHR",NA,NA
"237",4759640,23492861,325.7,"T0",1,1,"NTHNGHR",NA,NA
"238",4806962,23492863,325.7,"T0",1,1,"BFFL","1","FRNT"
"239",4831048,23492865,325.7,"T0",1,1,"NTHNGHR",NA,NA
"240",4835061,23492869,325.7,"T0",1,1,"NTHNGHR",NA,NA
"241",4846193,23492871,325.7,"T0",1,1,"NTHNGHR",NA,NA
"242",4920530,23492872,325.7,"T0",1,1,"NTHNGHR",NA,NA
"243",4836943,23492875,325.7,"T0",1,1,"MNKBBN","1","RGHTSD"
"244",4692786,23492879,325.7,"T0",1,1,"FR",NA,NA
"245",4693252,23492883,325.7,"T0",1,1,"NTHNGHR",NA,NA
"246",4711964,23492884,325.7,"T0",1,1,"NTHNGHR",NA,NA
"247",4843683,23492885,325.7,"T0",1,1,"NTHNGHR",NA,NA
"248",4732962,23492889,325.7,"T0",1,1,"NTHNGHR",NA,NA
"249",4814418,23492892,325.7,"T0",1,1,"BRD","1","RGHTSD"
"250",4907156,23492894,325.7,"T0",2,1,"NTHNGHR",NA,NA
"251",4907156,23492894,325.7,"T0",2,2,"NTHNGHR",NA,NA
"252",4746205,23492897,325.7,"T0",1,1,"NTHNGHR",NA,NA
"253",4707677,23492898,325.7,"T0",1,1,"NTHNGHR",NA,NA
"254",4672104,23492901,325.7,"T0",1,1,"NTHNGHR",NA,NA
"255",4759695,23492902,325.7,"T0",1,1,"NTHNGHR",NA,NA
"256",4732096,23492904,325.7,"T0",1,1,"NTHNGHR",NA,NA
"257",4895205,23492905,325.7,"T0",1,1,"HMNNTVHCLS",NA,NA
"258",4682173,23492906,325.7,"T0",1,1,"NTHNGHR",NA,NA
"259",4773125,23492908,325.7,"T0",1,1,"NTHNGHR",NA,NA
"260",4684601,23492912,325.7,"T0",1,1,"NTHNGHR",NA,NA
"261",4777553,23492913,325.7,"T0",1,1,"NTHNGHR",NA,NA
"262",4715494,23492917,325.7,"T0",1,1,"NTHNGHR",NA,NA
"263",4854695,23492918,325.7,"T0",1,1,"NTHNGHR",NA,NA
"264",4781674,23492919,325.7,"T0",1,1,"NTHNGHR",NA,NA
"265",4667917,23492920,325.7,"T0",1,1,"NTHNGHR",NA,NA
"266",4866002,23492923,325.7,"T0",1,1,"NTHNGHR",NA,NA
"267",4786722,23492924,325.7,"T0",1,1,"NTHNGHR",NA,NA
"268",4867316,23492926,325.7,"T0",1,1,"FR",NA,NA
"269",4904707,23492927,325.7,"T0",1,1,"NTHNGHR",NA,NA
"270",4738253,23492930,325.7,"T0",1,1,"RNSBL","1","BCK"
"271",4877239,23492931,325.7,"T0",1,1,"NTHNGHR",NA,NA
"272",4924046,23492932,325.7,"T0",1,1,"NTHNGHR",NA,NA
"273",4928230,23492934,325.7,"T0",1,1,"NTHNGHR",NA,NA
"274",4738676,23492937,325.7,"T0",2,1,"NTHNGHR",NA,NA
"275",4738676,23492937,325.7,"T0",2,2,"NTHNGHR",NA,NA
"276",4832707,23492942,325.7,"T0",1,1,"NTHNGHR",NA,NA
"277",4666495,23492943,325.7,"T0",1,1,"NTHNGHR",NA,NA
"278",4678854,23492944,325.7,"T0",1,1,"NTHNGHR",NA,NA
"279",4852561,23492946,325.7,"T0",1,1,"NTHNGHR",NA,NA
"280",4682896,23492949,325.7,"T0",1,1,"NTHNGHR",NA,NA
"281",4913615,23492951,325.7,"T0",1,1,"NTHNGHR",NA,NA
"282",4706671,23492952,325.7,"T0",1,1,"NTHNGHR",NA,NA
"283",4920775,23492954,325.7,"T0",1,1,"NTHNGHR",NA,NA
"284",4685805,23492955,325.7,"T0",1,1,"NTHNGHR",NA,NA
"285",4761503,23492956,325.7,"T0",1,1,"NTHNGHR",NA,NA
"286",4678717,23492959,325.7,"T0",1,1,"NTHNGHR",NA,NA
"287",4704010,23492963,325.7,"T0",1,1,"NTHNGHR",NA,NA
"288",4809117,23492965,325.7,"T0",1,1,"NTHNGHR",NA,NA
"289",4702917,23492966,325.7,"T0",1,1,"NTHNGHR",NA,NA
"290",4810787,23492967,325.7,"T0",1,1,"NTHNGHR",NA,NA
"291",4809048,23492969,325.7,"T0",1,1,"NTHNGHR",NA,NA
"292",4706721,23492970,325.7,"T0",1,1,"NTHNGHR",NA,NA
"293",4814274,23492973,325.7,"T0",1,1,"NTHNGHR",NA,NA
"294",4753666,23492976,325.7,"T0",1,1,"NTHNGHR",NA,NA
"295",4832123,23492977,325.7,"T0",1,1,"NTHNGHR",NA,NA
"296",4697243,23492979,325.7,"T0",1,1,"NTHNGHR",NA,NA
"297",4766617,23492981,325.7,"T0",1,1,"NTHNGHR",NA,NA
"298",4818009,23492983,325.7,"T0",1,1,"NTHNGHR",NA,NA
"299",4733799,23492985,325.7,"T0",1,1,"NTHNGHR",NA,NA
"300",4832848,23492986,325.7,"T0",1,1,"NTHNGHR",NA,NA
"301",4775909,23492989,325.7,"T0",1,1,"NTHNGHR",NA,NA
"302",4838331,23492991,325.7,"T0",1,1,"NTHNGHR",NA,NA
"303",4886274,23492992,325.7,"T0",1,1,"NTHNGHR",NA,NA
"304",4820342,23492994,325.7,"T0",1,1,"NTHNGHR",NA,NA
"305",4877696,23492995,325.7,"T0",1,1,"FR",NA,NA
"306",4895170,23492999,325.7,"T0",1,1,"NTHNGHR",NA,NA
"307",4835580,23493000,325.7,"T0",1,1,"DKRSTNBK","1","RGHTSD"
"308",4839428,23493002,325.7,"T0",1,1,"NTHNGHR",NA,NA
"309",4920893,23493003,325.7,"T0",1,1,"NTHNGHR",NA,NA
"310",4895080,23493005,325.7,"T0",1,1,"NTHNGHR",NA,NA
"311",4930674,23493009,325.7,"T0",1,1,"NTHNGHR",NA,NA
"312",4673076,23493010,325.7,"T0",1,1,"NTHNGHR",NA,NA
"313",4920337,23493012,325.7,"T0",2,1,"DMSTCNML","1","RGHTSD"
"314",4920337,23493012,325.7,"T0",2,2,"HMNNTVHCLS",NA,NA
"315",4671493,23493013,325.7,"T0",1,1,"NTHNGHR",NA,NA
"316",4668772,23493017,325.7,"T0",1,1,"NTHNGHR",NA,NA
"317",4703786,23493018,325.7,"T0",1,1,"NTHNGHR",NA,NA
"318",4732757,23493021,325.7,"T0",1,1,"NTHNGHR",NA,NA
"319",4672652,23493023,325.7,"T0",1,1,"NTHNGHR",NA,NA
"320",4739363,23493024,325.7,"T0",1,1,"NTHNGHR",NA,NA
"321",4752943,23493026,325.7,"T0",1,1,"NTHNGHR",NA,NA
"322",4779028,23493028,325.7,"T0",1,1,"NTHNGHR",NA,NA
"323",4783285,23493031,325.7,"T0",1,1,"BFFL","4","MLTPLSDSFRMMLTPLNMLS"
"324",4795966,23493034,325.7,"T0",1,1,"NTHNGHR",NA,NA
"325",4812136,23493036,325.7,"T0",1,1,"KD","1","RGHTSD"
"326",4837181,23493037,325.7,"T0",1,1,"DKRSTNBK","1","LFTSD"
"327",4823041,23493038,325.7,"T0",1,1,"NTHNGHR",NA,NA
"328",4825594,23493040,325.7,"T0",1,1,"NTHNGHR",NA,NA
"329",4846298,23493042,325.7,"T0",1,1,"NTHNGHR",NA,NA
"330",4845986,23493044,325.7,"T0",1,1,"NTHNGHR",NA,NA
"331",4813633,23493047,325.7,"T0",1,1,"NTHNGHR",NA,NA
"332",4898476,23493048,325.7,"T0",1,1,"NTHNGHR",NA,NA
"333",4696817,23493051,325.7,"T0",1,1,"DMSTCNML","1","RGHTSD"
"334",4670377,23493052,325.7,"T0",1,1,"NTHNGHR",NA,NA
"335",4837982,23493054,325.7,"T0",1,1,"NTHNGHR",NA,NA
"336",4723463,23493056,325.7,"T0",1,1,"NTHNGHR",NA,NA
"337",4885448,23493058,325.7,"T0",1,1,"NTHNGHR",NA,NA
"338",4745402,23493060,325.7,"T0",1,1,"NTHNGHR",NA,NA
"339",4748060,23493062,325.7,"T0",1,1,"NTHNGHR",NA,NA
"340",4796787,23493070,325.7,"T0",1,1,"NTHNGHR",NA,NA
"341",4809406,23493074,325.7,"T0",1,1,"NTHNGHR",NA,NA
"342",4847060,23493076,325.7,"T0",1,1,"NTHNGHR",NA,NA
"343",4865932,23493079,325.7,"T0",1,1,"NTHNGHR",NA,NA
"344",4713029,23493080,325.7,"T0",1,1,"NTHNGHR",NA,NA
"345",4888016,23493085,325.7,"T0",1,1,"NTHNGHR",NA,NA
"346",4920446,23493087,325.7,"T0",1,1,"NTHNGHR",NA,NA
"347",4726184,23493088,325.7,"T0",1,1,"NTHNGHR",NA,NA
"348",4868130,23493090,325.7,"T0",1,1,"FR",NA,NA
"349",4929644,23493091,325.7,"T0",1,1,"NTHNGHR",NA,NA
"350",4729414,23493094,325.7,"T0",1,1,"NTHNGHR",NA,NA
"351",4685591,23493096,325.7,"T0",1,1,"NTHNGHR",NA,NA
"352",4688071,23493099,325.7,"T0",1,1,"NTHNGHR",NA,NA
"353",4776407,23493100,325.7,"T0",1,1,"NTHNGHR",NA,NA
"354",4735345,23493104,325.7,"T0",1,1,"NTHNGHR",NA,NA
"355",4796071,23493107,325.7,"T0",1,1,"NTHNGHR",NA,NA
"356",4815179,23493110,325.7,"T0",1,1,"NTHNGHR",NA,NA
"357",4836618,23493115,325.7,"T0",1,1,"NTHNGHR",NA,NA
"358",4896269,23493118,325.7,"T0",1,1,"NTHNGHR",NA,NA
"359",4697705,23493120,325.7,"T0",1,1,"NTHNGHR",NA,NA
"360",4786674,23493121,325.7,"T0",1,1,"LND","2","LFTSD"
"361",4758729,23493122,325.7,"T0",1,1,"NTHNGHR",NA,NA
"362",4806495,23493123,325.7,"T0",1,1,"NTHNGHR",NA,NA
"363",4847259,23493126,325.7,"T0",1,1,"NTHNGHR",NA,NA
"364",4782725,23493128,325.7,"T0",1,1,"NTHNGHR",NA,NA
"365",4865319,23493133,325.7,"T0",1,1,"DKRSTNBK","1","LFTSD"
"366",4877897,23493138,325.7,"T0",1,1,"FR",NA,NA
"367",4901151,23493139,325.7,"T0",1,1,"FR",NA,NA
"368",4902752,23493142,325.7,"T0",1,1,"NTHNGHR",NA,NA
"369",4921242,23493144,325.7,"T0",1,1,"NTHNGHR",NA,NA
"370",4674460,23493146,325.7,"T0",1,1,"NTHNGHR",NA,NA
"371",4719974,23493148,325.7,"T0",1,1,"NTHNGHR",NA,NA
"372",4743491,23493151,325.7,"T0",1,1,"NTHNGHR",NA,NA
"373",4768680,23493155,325.7,"T0",1,1,"NTHNGHR",NA,NA
"374",4817880,23493160,325.7,"T0",1,1,"NTHNGHR",NA,NA
"375",4804780,23493162,325.7,"T0",1,1,"BRD","1","LFTSD"
"376",4832790,23493165,325.7,"T0",1,1,"NTHNGHR",NA,NA
"377",4849613,23493167,325.7,"T0",1,1,"NTHNGHR",NA,NA
"378",4856532,23493169,325.7,"T0",1,1,"NTHNGHR",NA,NA
"379",4867555,23493173,325.7,"T0",1,1,"FR",NA,NA
"380",4880969,23493176,325.7,"T0",1,1,"FR",NA,NA
"381",4885758,23493180,325.7,"T0",1,1,"NTHNGHR",NA,NA
"382",4876673,23493182,325.7,"T0",1,1,"NTHNGHR",NA,NA
"383",4912946,23493185,325.7,"T0",1,1,"HMNNTVHCLS",NA,NA
"384",4901614,23493186,325.7,"T0",1,1,"NTHNGHR",NA,NA
"385",4882021,23493192,325.7,"T0",1,1,"VHCL",NA,NA
"386",4677830,23493193,325.7,"T0",1,1,"NTHNGHR",NA,NA
"387",4669525,23493194,325.7,"T0",1,1,"HMNNTVHCLS",NA,NA
"388",4709601,23493197,325.7,"T0",1,1,"NTHNGHR",NA,NA
"389",4890421,23493199,325.7,"T0",1,1,"NTHNGHR",NA,NA
"390",4756112,23493200,325.7,"T0",1,1,"NTHNGHR",NA,NA
"391",4732219,23493202,325.7,"T0",1,1,"NTHNGHR",NA,NA
"392",4776088,23493205,325.7,"T0",1,1,"NTHNGHR",NA,NA
"393",4766270,23493206,325.7,"T0",1,1,"NTHNGHR",NA,NA
"394",4910756,23493207,325.7,"T0",1,1,"NTHNGHR",NA,NA
"395",4780629,23493210,325.7,"T0",1,1,"NTHNGHR",NA,NA
"396",4677507,23493211,325.7,"T0",1,1,"NTHNGHR",NA,NA
"397",4793618,23493213,325.7,"T0",1,1,"NTHNGHR",NA,NA
"398",4801899,23493215,325.7,"T0",1,1,"NTHNGHR",NA,NA
"399",4816360,23493217,325.7,"T0",1,1,"NTHNGHR",NA,NA
"400",4683777,23493218,325.7,"T0",1,1,"NTHNGHR",NA,NA
"401",4819386,23493219,325.7,"T0",1,1,"NTHNGHR",NA,NA
"402",4861981,23493220,325.7,"T0",1,1,"NTHNGHR",NA,NA
"403",4733393,23493223,325.7,"T0",1,1,"NTHNGHR",NA,NA
"404",4834879,23493224,325.7,"T0",1,1,"NTHNGHR",NA,NA
"405",4848441,23493225,325.7,"T0",1,1,"NTHNGHR",NA,NA
"406",4901223,23493226,325.7,"T0",1,1,"NTHNGHR",NA,NA
"407",4759047,23493227,325.7,"T0",1,1,"NTHNGHR",NA,NA
"408",4870805,23493228,325.7,"T0",1,1,"HMNNTVHCLS",NA,NA
"409",4674774,23493230,325.7,"T0",1,1,"NTHNGHR",NA,NA
"410",4813565,23493231,325.7,"T0",1,1,"NTHNGHR",NA,NA
"411",4829163,23493233,325.7,"T0",1,1,"FR",NA,NA
"412",4888050,23493234,325.7,"T0",1,1,"NTHNGHR",NA,NA
"413",4689481,23493235,325.7,"T0",1,1,"FRCNCVT","1","RGHTSD"
"414",4848530,23493237,325.7,"T0",1,1,"NTHNGHR",NA,NA
"415",4706113,23493239,325.7,"T0",1,1,"NTHNGHR",NA,NA
"416",4710292,23493241,325.7,"T0",1,1,"NTHNGHR",NA,NA
"417",4735581,23493242,325.7,"T0",1,1,"NTHNGHR",NA,NA
"418",4899921,23493243,325.7,"T0",1,1,"FR",NA,NA
"419",4715776,23493244,325.7,"T0",1,1,"NTHNGHR",NA,NA
"420",4718462,23493246,325.7,"T0",1,1,"NTHNGHR",NA,NA
"421",4726356,23493249,325.7,"T0",1,1,"NTHNGHR",NA,NA
"422",4917385,23493250,325.7,"T0",1,1,"NTHNGHR",NA,NA
"423",4847678,23493252,325.7,"T0",1,1,"NTHNGHR",NA,NA
"424",4856690,23493254,325.7,"T0",1,1,"NTHNGHR",NA,NA
"425",4716881,23493256,325.7,"T0",1,1,"NTHNGHR",NA,NA
"426",4737514,23493258,325.7,"T0",1,1,"NTHNGHR",NA,NA
"427",4862305,23493259,325.7,"T0",1,1,"NTHNGHR",NA,NA
"428",4872095,23493260,325.7,"T0",1,1,"NTHNGHR",NA,NA
"429",4756579,23493262,325.7,"T0",1,1,"NTHNGHR",NA,NA
"430",4684491,23493263,325.7,"T0",1,1,"NTHNGHR",NA,NA
"431",4697302,23493267,325.7,"T0",1,1,"NTHNGHR",NA,NA
"432",4768054,23493269,325.7,"T0",1,1,"NTHNGHR",NA,NA
"433",4702466,23493271,325.7,"T0",1,1,"NTHNGHR",NA,NA
"434",4857091,23493272,325.7,"T0",1,1,"CRCL","1","LFTSD"
"435",4739866,23493274,325.7,"T0",1,1,"NTHNGHR",NA,NA
"436",4777197,23493275,325.7,"T0",1,1,"NTHNGHR",NA,NA
"437",4747295,23493276,325.7,"T0",1,1,"NTHNGHR",NA,NA
"438",4775709,23493279,325.7,"T0",1,1,"NTHNGHR",NA,NA
"439",4794821,23493281,325.7,"T0",1,1,"NTHNGHR",NA,NA
"440",4809520,23493284,325.7,"T0",1,1,"NTHNGHR",NA,NA
"441",4878874,23493285,325.7,"T0",1,1,"FR",NA,NA
"442",4844421,23493287,325.7,"T0",1,1,"NTHNGHR",NA,NA
"443",4859548,23493289,325.7,"T0",1,1,"FR",NA,NA
"444",4781218,23493290,325.7,"T0",1,1,"BRD","1","BCK"
"445",4823477,23493291,325.7,"T0",1,1,"NTHNGHR",NA,NA
"446",4708490,23493293,325.7,"T0",1,1,"NTHNGHR",NA,NA
"447",4796657,23493295,325.7,"T0",1,1,"NTHNGHR",NA,NA
"448",4848166,23493296,325.7,"T0",1,1,"NTHNGHR",NA,NA
"449",4713067,23493297,325.7,"T0",1,1,"NTHNGHR",NA,NA
"450",4927158,23493299,325.7,"T0",1,1,"MNKBBN","1","FRNT"
"451",4734694,23493302,325.7,"T0",1,1,"NTHNGHR",NA,NA
"452",4906664,23493303,325.7,"T0",1,1,"NTHNGHR",NA,NA
"453",4800140,23493305,325.7,"T0",1,1,"NTHNGHR",NA,NA
"454",4782951,23493306,325.7,"T0",1,1,"NTHNGHR",NA,NA
"455",4911829,23493307,325.7,"T0",1,1,"NTHNGHR",NA,NA
"456",4678586,23493308,325.7,"T0",1,1,"HMNNTVHCLS",NA,NA
"457",4803245,23493309,325.7,"T0",1,1,"NTHNGHR",NA,NA
"458",4914651,23493311,325.7,"T0",1,1,"NTHNGHR",NA,NA
"459",4844967,23493313,325.7,"T0",1,1,"NTHNGHR",NA,NA
"460",4688147,23493315,325.7,"T0",1,1,"NTHNGHR",NA,NA
"461",4853352,23493316,325.7,"T0",1,1,"NTHNGHR",NA,NA
"462",4673941,23493317,325.7,"T0",1,1,"NTHNGHR",NA,NA
"463",4702881,23493318,325.7,"T0",1,1,"NTHNGHR",NA,NA
"464",4876715,23493319,325.7,"T0",1,1,"NTHNGHR",NA,NA
"465",4882180,23493322,325.7,"T0",1,1,"NTHNGHR",NA,NA
"466",4713284,23493324,325.7,"T0",1,1,"NTHNGHR",NA,NA
"467",4687841,23493325,325.7,"T0",1,1,"NTHNGHR",NA,NA
"468",4919635,23493327,325.7,"T0",1,1,"NTHNGHR",NA,NA
"469",4713429,23493329,325.7,"T0",1,1,"NTHNGHR",NA,NA
"470",4725806,23493330,325.7,"T0",1,1,"NTHNGHR",NA,NA
"471",4672589,23493331,325.7,"T0",1,1,"NTHNGHR",NA,NA
"472",4712302,23493335,325.7,"T0",1,1,"NTHNGHR",NA,NA
"473",4734695,23493336,325.7,"T0",1,1,"NTHNGHR",NA,NA
"474",4783996,23493337,325.7,"T0",1,1,"NTHNGHR",NA,NA
"475",4742265,23493338,325.7,"T0",1,1,"NTHNGHR",NA,NA
"476",4768274,23493340,325.7,"T0",1,1,"NTHNGHR",NA,NA
"477",4843044,23493342,325.7,"T0",1,1,"NTHNGHR",NA,NA
"478",4769326,23493343,325.7,"T0",1,1,"BSHBB","1","FRNT"
"479",4775952,23493344,325.7,"T0",1,1,"NTHNGHR",NA,NA
"480",4847562,23493346,325.7,"T0",1,1,"NTHNGHR",NA,NA
"481",4776269,23493348,325.7,"T0",1,1,"NTHNGHR",NA,NA
"482",4869739,23493349,325.7,"T0",1,1,"NTHNGHR",NA,NA
"483",4780274,23493350,325.7,"T0",1,1,"HNSPTTD","1","LFTSD"
"484",4789797,23493351,325.7,"T0",1,1,"NTHNGHR",NA,NA
"485",4886948,23493354,325.7,"T0",1,1,"NTHNGHR",NA,NA
"486",4857911,23493355,325.7,"T0",1,1,"NTHNGHR",NA,NA
"487",4795740,23493356,325.7,"T0",1,1,"NTHNGHR",NA,NA
"488",4780328,23493357,325.7,"T0",1,1,"GRFF","1","LFTSD"
"489",4899628,23493358,325.7,"T0",1,1,"FR",NA,NA
"490",4874310,23493360,325.7,"T0",1,1,"NTHNGHR",NA,NA
"491",4803799,23493361,325.7,"T0",1,1,"NTHNGHR",NA,NA
"492",4877981,23493364,325.7,"T0",1,1,"NTHNGHR",NA,NA
"493",4797744,23493366,325.7,"T0",1,1,"BRD","1","LFTSD"
"494",4709681,23493367,325.7,"T0",1,1,"NTHNGHR",NA,NA
"495",4913435,23493368,325.7,"T0",1,1,"NTHNGHR",NA,NA
"496",4712223,23493370,325.7,"T0",1,1,"NTHNGHR",NA,NA
"497",4857280,23493371,325.7,"T0",1,1,"NTHNGHR",NA,NA
"498",4877542,23493372,325.7,"T0",1,1,"NTHNGHR",NA,NA
"499",4701473,23493373,325.7,"T0",1,1,"NTHNGHR",NA,NA
"500",4723224,23493375,325.7,"T0",1,1,"NTHNGHR",NA,NA
"501",4712544,23493376,325.7,"T0",1,1,"NTHNGHR",NA,NA
"502",4735311,23493377,325.7,"T0",1,1,"NTHNGHR",NA,NA
"503",4795915,23493379,325.7,"T0",1,1,"NTHNGHR",NA,NA
"504",4799048,23493381,325.7,"T0",1,1,"NTHNGHR",NA,NA
"505",4872449,23493382,325.7,"T0",1,1,"HMNNTVHCLS",NA,NA
"506",4745331,23493383,325.7,"T0",1,1,"NTHNGHR",NA,NA
"507",4904452,23493384,325.7,"T0",1,1,"BRD","1","BCK"
"508",4819040,23493386,325.7,"T0",1,1,"NTHNGHR",NA,NA
"509",4778055,23493388,325.7,"T0",1,1,"NTHNGHR",NA,NA
"510",4830094,23493389,325.7,"T0",1,1,"FR",NA,NA
"511",4892898,23493392,325.7,"T0",1,1,"NTHNGHR",NA,NA
"512",4844445,23493393,325.7,"T0",1,1,"NTHNGHR",NA,NA
"513",4810200,23493394,325.7,"T0",1,1,"NTHNGHR",NA,NA
"514",4868873,23493396,325.7,"T0",1,1,"NTHNGHR",NA,NA
"515",4866911,23493397,325.7,"T0",1,1,"NTHNGHR",NA,NA
"516",4895128,23493398,325.7,"T0",1,1,"NTHNGHR",NA,NA
"517",4929785,23493399,325.7,"T0",1,1,"NTHNGHR",NA,NA
"518",4871951,23493400,325.7,"T0",1,1,"NTHNGHR",NA,NA
"519",4676255,23493401,325.7,"T0",1,1,"NTHNGHR",NA,NA
"520",4797806,23493403,325.7,"T0",1,1,"BFFL","1","RGHTSD"
"521",4696204,23493404,325.7,"T0",1,1,"NTHNGHR",NA,NA
"522",4767310,23493406,325.7,"T0",1,1,"NTHNGHR",NA,NA
"523",4731943,23493407,325.7,"T0",1,1,"NTHNGHR",NA,NA
"524",4891257,23493408,325.7,"T0",1,1,"NTHNGHR",NA,NA
"525",4732557,23493409,325.7,"T0",1,1,"NTHNGHR",NA,NA
"526",4892760,23493411,325.7,"T0",1,1,"NTHNGHR",NA,NA
"527",4773182,23493414,325.7,"T0",1,1,"NTHNGHR",NA,NA
"528",4788439,23493416,325.7,"T0",1,1,"NTHNGHR",NA,NA
"529",4816089,23493419,325.7,"T0",1,1,"NTHNGHR",NA,NA
"530",4788639,23493420,325.7,"T0",1,1,"NTHNGHR",NA,NA
"531",4844990,23493421,325.7,"T0",1,1,"NTHNGHR",NA,NA
"532",4901202,23493422,325.7,"T0",1,1,"NTHNGHR",NA,NA
"533",4920279,23493423,325.7,"T0",1,1,"NTHNGHR",NA,NA
"534",4920297,23493426,325.7,"T0",1,1,"NTHNGHR",NA,NA
"535",4794445,23493428,325.7,"T0",1,1,"NTHNGHR",NA,NA
"536",4698822,23493430,325.7,"T0",1,1,"NTHNGHR",NA,NA
"537",4901944,23493432,325.7,"T0",1,1,"NTHNGHR",NA,NA
"538",4703252,23493433,325.7,"T0",1,1,"NTHNGHR",NA,NA
"539",4709883,23493436,325.7,"T0",1,1,"NTHNGHR",NA,NA
"540",4821242,23493440,325.7,"T0",1,1,"FR",NA,NA
"541",4723820,23493441,325.7,"T0",1,1,"NTHNGHR",NA,NA
"542",4727079,23493442,325.7,"T0",1,1,"NTHNGHR",NA,NA
"543",4745138,23493445,325.7,"T0",1,1,"NTHNGHR",NA,NA
"544",4775474,23493448,325.7,"T0",1,1,"NTHNGHR",NA,NA
"545",4823231,23493449,325.7,"T0",1,1,"NTHNGHR",NA,NA
"546",4775901,23493450,325.7,"T0",1,1,"NTHNGHR",NA,NA
"547",4829936,23493452,325.7,"T0",1,1,"NTHNGHR",NA,NA
"548",4843355,23493453,325.7,"T0",1,1,"VHCL",NA,NA
"549",4906930,23493455,325.7,"T0",1,1,"NTHNGHR",NA,NA
"550",4929218,23493457,325.7,"T0",1,1,"NTHNGHR",NA,NA
"551",4854899,23493459,325.7,"T0",1,1,"NTHNGHR",NA,NA
"552",4737028,23493460,325.7,"T0",1,1,"NTHNGHR",NA,NA
"553",4800428,23493461,325.7,"T0",1,1,"DKRSTNBK","1","BCK"
"554",4726796,23493462,325.7,"T0",1,1,"NTHNGHR",NA,NA
"555",4731246,23493464,325.7,"T0",1,1,"NTHNGHR",NA,NA
"556",4761514,23493465,325.7,"T0",1,1,"NTHNGHR",NA,NA
"557",4900679,23493467,325.7,"T0",1,1,"NTHNGHR",NA,NA
"558",4818343,23493468,325.7,"T0",1,1,"NTHNGHR",NA,NA
"559",4781495,23493469,325.7,"T0",1,1,"NTHNGHR",NA,NA
"560",4823063,23493473,325.7,"T0",1,1,"NTHNGHR",NA,NA
"561",4900940,23493474,325.7,"T0",1,1,"FR",NA,NA
"562",4798924,23493475,325.7,"T0",1,1,"NTHNGHR",NA,NA
"563",4835391,23493476,325.7,"T0",1,1,"NTHNGHR",NA,NA
"564",4841992,23493479,325.7,"T0",1,1,"NTHNGHR",NA,NA
"565",4850358,23493485,325.7,"T0",1,1,"NTHNGHR",NA,NA
"566",4742157,23493486,325.7,"T0",1,1,"WRTHG","1","RGHTSD"
"567",4901001,23493489,325.7,"T0",1,1,"FR",NA,NA
"568",4799822,23493490,325.7,"T0",1,1,"NTHNGHR",NA,NA
"569",4774301,23493494,325.7,"T0",1,1,"DKRSTNBK","1","RGHTSD"
"570",4927782,23493495,325.7,"T0",1,1,"NTHNGHR",NA,NA
"571",4821455,23493496,325.7,"T0",1,1,"FR",NA,NA
"572",4921441,23493497,325.7,"T0",1,1,"NTHNGHR",NA,NA
"573",4838508,23493499,325.7,"T0",1,1,"NTHNGHR",NA,NA
"574",4668491,23493500,325.7,"T0",1,1,"FR",NA,NA
"575",4841204,23493504,325.7,"T0",1,1,"NTHNGHR",NA,NA
"576",4695970,23493505,325.7,"T0",1,1,"NTHNGHR",NA,NA
"577",4853502,23493508,325.7,"T0",1,1,"NTHNGHR",NA,NA
"578",4827314,23493509,325.7,"T0",1,1,"FR",NA,NA
"579",4711358,23493511,325.7,"T0",1,1,"NTHNGHR",NA,NA
"580",4854395,23493512,325.7,"T0",1,1,"NTHNGHR",NA,NA
"581",4918827,23493515,325.7,"T0",1,1,"NTHNGHR",NA,NA
"582",4719787,23493516,325.7,"T0",1,1,"NTHNGHR",NA,NA
"583",4856496,23493517,325.7,"T0",1,1,"NTHNGHR",NA,NA
"584",4920044,23493520,325.7,"T0",1,1,"HMNNTVHCLS",NA,NA
"585",4734492,23493522,325.7,"T0",1,1,"NTHNGHR",NA,NA
"586",4729495,23493524,325.7,"T0",1,1,"NTHNGHR",NA,NA
"587",4885359,23493525,325.7,"T0",1,1,"NTHNGHR",NA,NA
"588",4673207,23493527,325.7,"T0",1,1,"NTHNGHR",NA,NA
"589",4738125,23493529,325.7,"T0",1,1,"NTHNGHR",NA,NA
"590",4683206,23493530,325.7,"T0",1,1,"HMNNTVHCLS",NA,NA
"591",4681371,23493531,325.7,"T0",1,1,"NTHNGHR",NA,NA
"592",4793968,23493533,325.7,"T0",1,1,"NTHNGHR",NA,NA
"593",4704677,23493534,325.7,"T0",1,1,"BTRDFX","1","RGHTSD"
"594",4715606,23493535,325.7,"T0",1,1,"NTHNGHR",NA,NA
"595",4684494,23493536,325.7,"T0",1,1,"NTHNGHR",NA,NA
"596",4744440,23493538,325.7,"T0",1,1,"NTHNGHR",NA,NA
"597",4729959,23493539,325.7,"T0",1,1,"NTHNGHR",NA,NA
"598",4744808,23493540,325.7,"T0",1,1,"NTHNGHR",NA,NA
"599",4829589,23493542,325.7,"T0",1,1,"NTHNGHR",NA,NA
"600",4809927,23493543,325.7,"T0",1,1,"NTHNGHR",NA,NA
"601",4828321,23493545,325.7,"T0",1,1,"NTHNGHR",NA,NA
"602",4774131,23493546,325.7,"T0",1,1,"LPHNT","3","MLTPLSDSFRMMLTPLNMLS"
"603",4833503,23493547,325.7,"T0",1,1,"VHCL",NA,NA
"604",4786645,23493548,325.7,"T0",1,1,"NTHNGHR",NA,NA
"605",4900576,23493549,325.7,"T0",1,1,"NTHNGHR",NA,NA
"606",4858052,23493550,325.7,"T0",1,1,"NTHNGHR",NA,NA
"607",4905768,23493551,325.7,"T0",1,1,"NTHNGHR",NA,NA
"608",4931215,23493552,325.7,"T0",1,1,"NTHNGHR",NA,NA
"609",4901927,23493553,325.7,"T0",1,1,"NTHNGHR",NA,NA
"610",4772547,23493555,325.7,"T0",1,1,"NTHNGHR",NA,NA
"611",4694549,23493556,325.7,"T0",1,1,"NTHNGHR",NA,NA
"612",4904287,23493557,325.7,"T0",1,1,"NTHNGHR",NA,NA
"613",4717281,23493558,325.7,"T0",1,1,"NTHNGHR",NA,NA
"614",4773301,23493559,325.7,"T0",1,1,"NTHNGHR",NA,NA
"615",4727853,23493561,325.7,"T0",1,1,"NTHNGHR",NA,NA
"616",4737751,23493563,325.7,"T0",1,1,"NTHNGHR",NA,NA
"617",4672118,23493564,325.7,"T0",1,1,"NTHNGHR",NA,NA
"618",4778137,23493565,325.7,"T0",1,1,"BRD","1","RGHTSD"
"619",4767251,23493566,325.7,"T0",1,1,"NTHNGHR",NA,NA
"620",4773664,23493567,325.7,"T0",1,1,"NTHNGHR",NA,NA
"621",4700785,23493568,325.7,"T0",1,1,"NTHNGHR",NA,NA
"622",4728113,23493570,325.7,"T0",1,1,"NTHNGHR",NA,NA
"623",4776591,23493572,325.7,"T0",1,1,"NTHNGHR",NA,NA
"624",4831495,23493575,325.7,"T0",1,1,"NTHNGHR",NA,NA
"625",4734405,23493576,325.7,"T0",1,1,"NTHNGHR",NA,NA
"626",4854339,23493579,325.7,"T0",1,1,"NTHNGHR",NA,NA
"627",4886752,23493581,325.7,"T0",1,1,"NTHNGHR",NA,NA
"628",4745873,23493582,325.7,"T0",1,1,"NTHNGHR",NA,NA
"629",4696407,23493583,325.7,"T0",1,1,"NTHNGHR",NA,NA
"630",4747217,23493585,325.7,"T0",1,1,"NTHNGHR",NA,NA
"631",4696968,23493586,325.7,"T0",1,1,"NTHNGHR",NA,NA
"632",4703209,23493587,325.7,"T0",1,1,"NTHNGHR",NA,NA
"633",4764984,23493588,325.7,"T0",1,1,"NTHNGHR",NA,NA
"634",4723228,23493591,325.7,"T0",1,1,"NTHNGHR",NA,NA
"635",4760884,23493594,325.7,"T0",1,1,"NTHNGHR",NA,NA
"636",4773292,23493595,325.7,"T0",1,1,"NTHNGHR",NA,NA
"637",4827170,23493597,325.7,"T0",1,1,"NTHNGHR",NA,NA
"638",4838552,23493603,325.7,"T0",1,1,"NTHNGHR",NA,NA
"639",4766022,23493605,325.7,"T0",1,1,"MNKBBN","1","BCK"
"640",4913485,23493606,325.7,"T0",1,1,"NTHNGHR",NA,NA
"641",4927643,23493608,325.7,"T0",1,1,"NTHNGHR",NA,NA
"642",4690113,23493609,325.7,"T0",1,1,"NTHNGHR",NA,NA
"643",4795701,23493610,325.7,"T0",1,1,"NTHNGHR",NA,NA
"644",4728957,23493612,325.7,"T0",1,1,"NTHNGHR",NA,NA
"645",4729490,23493614,325.7,"T0",1,1,"NTHNGHR",NA,NA
"646",4810074,23493616,325.7,"T0",1,1,"NTHNGHR",NA,NA
"647",4733599,23493617,325.7,"T0",1,1,"NTHNGHR",NA,NA
"648",4771995,23493618,325.7,"T0",1,1,"NTHNGHR",NA,NA
"649",4677441,23493619,325.7,"T0",1,1,"NTHNGHR",NA,NA
"650",4773566,23493620,325.7,"T0",1,1,"NTHNGHR",NA,NA
"651",4781590,23493622,325.7,"T0",1,1,"NTHNGHR",NA,NA
"652",4678161,23493623,325.7,"T0",1,1,"NTHNGHR",NA,NA
"653",4783059,23493625,325.7,"T0",1,1,"NTHNGHR",NA,NA
"654",4684206,23493626,325.7,"T0",1,1,"NTHNGHR",NA,NA
"655",4811956,23493628,325.7,"T0",1,1,"NTHNGHR",NA,NA
"656",4889842,23493630,325.7,"T0",1,1,"NTHNGHR",NA,NA
"657",4703856,23493631,325.7,"T0",1,1,"NTHNGHR",NA,NA
"658",4773061,23493635,325.7,"T0",1,1,"NTHNGHR",NA,NA
"659",4710729,23493638,325.7,"T0",1,1,"MNKBBN","2","MLTPLSDSFRMMLTPLNMLS"
"660",4837914,23493640,325.7,"T0",1,1,"NTHNGHR",NA,NA
"661",4850081,23493644,325.7,"T0",1,1,"NTHNGHR",NA,NA
"662",4881393,23493646,325.7,"T0",1,1,"NTHNGHR",NA,NA
"663",4889515,23493648,325.7,"T0",1,1,"NTHNGHR",NA,NA
"664",4908203,23493649,325.7,"T0",1,1,"NTHNGHR",NA,NA
"665",4700323,23493651,325.7,"T0",1,1,"NTHNGHR",NA,NA
"666",4703646,23493652,325.7,"T0",1,1,"NTHNGHR",NA,NA
"667",4711245,23493654,325.7,"T0",1,1,"SRVL","1","LFTSD"
"668",4733707,23493656,325.7,"T0",1,1,"NTHNGHR",NA,NA
"669",4759734,23493658,325.7,"T0",1,1,"NTHNGHR",NA,NA
"670",4742965,23493661,325.7,"T0",1,1,"NTHNGHR",NA,NA
"671",4770654,23493662,325.7,"T0",1,1,"NTHNGHR",NA,NA
"672",4822532,23493663,325.7,"T0",1,1,"NTHNGHR",NA,NA
"673",4798257,23493664,325.7,"T0",1,1,"NTHNGHR",NA,NA
"674",4827825,23493666,325.7,"T0",1,1,"FR",NA,NA
"675",4801810,23493667,325.7,"T0",1,1,"NTHNGHR",NA,NA
"676",4802922,23493669,325.7,"T0",1,1,"NTHNGHR",NA,NA
"677",4811531,23493670,325.7,"T0",1,1,"NTHNGHR",NA,NA
"678",4877449,23493674,325.7,"T0",1,1,"NTHNGHR",NA,NA
"679",4931427,23493677,325.7,"T0",1,1,"NTHNGHR",NA,NA
"680",4686914,23493680,325.7,"T0",1,1,"NTHNGHR",NA,NA
"681",4735508,23493682,325.7,"T0",1,1,"NTHNGHR",NA,NA
"682",4865390,23493684,325.7,"T0",1,1,"BFFL","1","FRNT"
"683",4793871,23493686,325.7,"T0",1,1,"NTHNGHR",NA,NA
"684",4687229,23493689,325.7,"T0",1,1,"MNKBBN","1","FRNT"
"685",4760021,23493694,325.7,"T0",1,1,"NTHNGHR",NA,NA
"686",4819471,23493695,325.7,"T0",1,1,"LPHNT","4","RGHTSD"
"687",4791791,23493697,325.7,"T0",1,1,"NTHNGHR",NA,NA
"688",4822880,23493698,325.7,"T0",1,1,"NTHNGHR",NA,NA
"689",4828849,23493701,325.7,"T0",1,1,"NTHNGHR",NA,NA
"690",4803950,23493706,325.7,"T0",1,1,"NTHNGHR",NA,NA
"691",4831181,23493707,325.7,"T0",1,1,"NTHNGHR",NA,NA
"692",4855212,23493709,325.7,"T0",1,1,"NTHNGHR",NA,NA
"693",4807584,23493711,325.7,"T0",1,1,"NTHNGHR",NA,NA
"694",4912164,23493712,325.7,"T0",1,1,"NTHNGHR",NA,NA
"695",4830478,23493714,325.7,"T0",1,1,"NTHNGHR",NA,NA
"696",4836607,23493717,325.7,"T0",1,1,"NTHNGHR",NA,NA
"697",4863486,23493719,325.7,"T0",1,1,"NTHNGHR",NA,NA
"698",4891622,23493721,325.7,"T0",1,1,"DKRSTNBK","1","LFTSD"
"699",4900965,23493725,325.7,"T0",1,1,"FR",NA,NA
"700",4900550,23493726,325.7,"T0",1,1,"NTHNGHR",NA,NA
"701",4680962,23493728,325.7,"T0",1,1,"NTHNGHR",NA,NA
"702",4905293,23493729,325.7,"T0",1,1,"NTHNGHR",NA,NA
"703",4803155,23493730,325.7,"T0",1,1,"NTHNGHR",NA,NA
"704",4729744,23493731,325.7,"T0",1,1,"NTHNGHR",NA,NA
"705",4692964,23493733,325.7,"T0",1,1,"NTHNGHR",NA,NA
"706",4743873,23493734,325.7,"T0",1,1,"NTHNGHR",NA,NA
"707",4809453,23493735,325.7,"T0",1,1,"NTHNGHR",NA,NA
"708",4757829,23493737,325.7,"T0",1,1,"NTHNGHR",NA,NA
"709",4704150,23493738,325.7,"T0",1,1,"NTHNGHR",NA,NA
"710",4839614,23493739,325.7,"T0",1,1,"NTHNGHR",NA,NA
"711",4671073,23493747,325.7,"T0",1,1,"NTHNGHR",NA,NA
"712",4737123,23493750,325.7,"T0",1,1,"NTHNGHR",NA,NA
"713",4692256,23493751,325.7,"T0",1,1,"NTHNGHR",NA,NA
"714",4737422,23493753,325.7,"T0",1,1,"NTHNGHR",NA,NA
"715",4721580,23493754,325.7,"T0",1,1,"NTHNGHR",NA,NA
"716",4750824,23493755,325.7,"T0",1,1,"NTHNGHR",NA,NA
"717",4750109,23493758,325.7,"T0",1,1,"NTHNGHR",NA,NA
"718",4827130,23493762,325.7,"T0",1,1,"NTHNGHR",NA,NA
"719",4786050,23493765,325.7,"T0",1,1,"NTHNGHR",NA,NA
"720",4766712,23493766,325.7,"T0",1,1,"NTHNGHR",NA,NA
"721",4849814,23493767,325.7,"T0",1,1,"NTHNGHR",NA,NA
"722",4864291,23493769,325.7,"T0",1,1,"NTHNGHR",NA,NA
"723",4851485,23493770,325.7,"T0",1,1,"NTHNGHR",NA,NA
"724",4864874,23493773,325.7,"T0",1,1,"NTHNGHR",NA,NA
"725",4804175,23493775,325.7,"T0",1,1,"BRD","1","LFTSD"
"726",4888270,23493776,325.7,"T0",1,1,"NTHNGHR",NA,NA
"727",4871799,23493777,325.7,"T0",1,1,"FR",NA,NA
"728",4923558,23493778,325.7,"T0",1,1,"NTHNGHR",NA,NA
"729",4827679,23493780,325.7,"T0",1,1,"FR",NA,NA
"730",4875941,23493782,325.7,"T0",1,1,"NTHNGHR",NA,NA
"731",4666603,23493783,325.7,"T0",1,1,"NTHNGHR",NA,NA
"732",4830715,23493786,325.7,"T0",1,1,"NTHNGHR",NA,NA
"733",4703007,23493787,325.7,"T0",1,1,"NTHNGHR",NA,NA
"734",4922824,23493788,325.7,"T0",1,1,"NTHNGHR",NA,NA
"735",4905897,23493789,325.7,"T0",1,1,"NTHNGHR",NA,NA
"736",4758765,23493791,325.7,"T0",1,1,"NTHNGHR",NA,NA
"737",4686631,23493792,325.7,"T0",1,1,"NTHNGHR",NA,NA
"738",4916450,23493794,325.7,"T0",1,1,"NTHNGHR",NA,NA
"739",4786310,23493795,325.7,"T0",1,1,"NTHNGHR",NA,NA
"740",4695503,23493796,325.7,"T0",1,1,"NTHNGHR",NA,NA
"741",4696939,23493799,325.7,"T0",1,1,"NTHNGHR",NA,NA
"742",4700394,23493800,325.7,"T0",1,1,"NTHNGHR",NA,NA
"743",4721988,23493802,325.7,"T0",1,1,"NTHNGHR",NA,NA
"744",4797869,23493804,325.7,"T0",1,1,"DMSTCNML","1","RGHTSD"
"745",4731441,23493805,325.7,"T0",1,1,"NTHNGHR",NA,NA
"746",4726342,23493806,325.7,"T0",1,1,"NTHNGHR",NA,NA
"747",4849633,23493808,325.7,"T0",1,1,"NTHNGHR",NA,NA
"748",4900677,23493810,325.7,"T0",1,1,"NTHNGHR",NA,NA
"749",4730333,23493813,325.7,"T0",1,1,"NTHNGHR",NA,NA
"750",4734657,23493816,325.7,"T0",1,1,"NTHNGHR",NA,NA
"751",4731930,23493817,325.7,"T0",1,1,"NTHNGHR",NA,NA
"752",4917785,23493818,325.7,"T0",1,1,"DMSTCNML","1","LFTSD"
"753",4781535,23493819,325.7,"T0",1,1,"NTHNGHR",NA,NA
"754",4793456,23493821,325.7,"T0",1,1,"FR",NA,NA
"755",4923017,23493822,325.7,"T0",1,1,"NTHNGHR",NA,NA
"756",4829017,23493825,325.7,"T0",1,1,"NTHNGHR",NA,NA
"757",4923028,23493826,325.7,"T0",1,1,"NTHNGHR",NA,NA
"758",4673128,23493828,325.7,"T0",1,1,"NTHNGHR",NA,NA
"759",4681985,23493832,325.7,"T0",1,1,"NTHNGHR",NA,NA
"760",4842395,23493833,325.7,"T0",1,1,"BRD","4","MLTPLSDSFRMMLTPLNMLS"
"761",4693628,23493835,325.7,"T0",1,1,"NTHNGHR",NA,NA
"762",4833641,23493836,325.7,"T0",1,1,"BRD","1","RGHTSD"
"763",4711958,23493838,325.7,"T0",1,1,"NTHNGHR",NA,NA
"764",4845149,23493839,325.7,"T0",1,1,"NTHNGHR",NA,NA
"765",4748562,23493841,325.7,"T0",1,1,"NTHNGHR",NA,NA
"766",4876332,23493843,325.7,"T0",1,1,"NTHNGHR",NA,NA
"767",4749967,23493845,325.7,"T0",1,1,"NTHNGHR",NA,NA
"768",4802525,23493848,325.7,"T0",1,1,"NTHNGHR",NA,NA
"769",4874564,23493850,325.7,"T0",1,1,"MNKBBN","1","BCK"
"770",4818159,23493851,325.7,"T0",1,1,"NTHNGHR",NA,NA
"771",4821083,23493853,325.7,"T0",1,1,"FR",NA,NA
"772",4877167,23493855,325.7,"T0",1,1,"FR",NA,NA
"773",4692807,23493856,325.7,"T0",1,1,"NTHNGHR",NA,NA
"774",4702320,23493860,325.7,"T0",1,1,"NTHNGHR",NA,NA
"775",4720685,23493862,325.7,"T0",1,1,"NTHNGHR",NA,NA
"776",4741740,23493865,325.7,"T0",1,1,"NTHNGHR",NA,NA
"777",4760170,23493869,325.7,"T0",1,1,"NTHNGHR",NA,NA
"778",4803529,23493870,325.7,"T0",1,1,"NTHNGHR",NA,NA
"779",4840325,23493872,325.7,"T0",1,1,"NTHNGHR",NA,NA
"780",4857270,23493874,325.7,"T0",1,1,"NTHNGHR",NA,NA
"781",4894694,23493877,325.7,"T0",1,1,"NTHNGHR",NA,NA
"782",4915378,23493880,325.7,"T0",1,1,"NTHNGHR",NA,NA
"783",4703689,23493886,325.7,"T0",1,1,"MNKBBN","4","MLTPLSDSFRMMLTPLNMLS"
"784",4728332,23493888,325.7,"T0",1,1,"NTHNGHR",NA,NA
"785",4751021,23493889,325.7,"T0",1,1,"NTHNGHR",NA,NA
"786",4908396,23493891,325.7,"T0",1,1,"NTHNGHR",NA,NA
"787",4689583,23493892,325.7,"T0",1,1,"NTHNGHR",NA,NA
"788",4763038,23493895,325.7,"T0",1,1,"NTHNGHR",NA,NA
"789",4730706,23493896,325.7,"T0",1,1,"NTHNGHR",NA,NA
"790",4764429,23493898,325.7,"T0",1,1,"NTHNGHR",NA,NA
"791",4740616,23493899,325.7,"T0",1,1,"NTHNGHR",NA,NA
"792",4824493,23493900,325.7,"T0",1,1,"NTHNGHR",NA,NA
"793",4839974,23493904,325.7,"T0",1,1,"NTHNGHR",NA,NA
"794",4750025,23493905,325.7,"T0",1,1,"MNKBBN","1","LFTSD"
"795",4862336,23493907,325.7,"T0",1,1,"NTHNGHR",NA,NA
"796",4921811,23493910,325.7,"T0",1,1,"NTHNGHR",NA,NA
"797",4926566,23493913,325.7,"T0",1,1,"NTHNGHR",NA,NA
"798",4780397,23493914,325.7,"T0",1,1,"FR",NA,NA
"799",4673894,23493916,325.7,"T0",1,1,"FR",NA,NA
"800",4785099,23493917,325.7,"T0",1,1,"NTHNGHR",NA,NA
"801",4762302,23493918,325.7,"T0",1,1,"NTHNGHR",NA,NA
"802",4766686,23493920,325.7,"T0",1,1,"NTHNGHR",NA,NA
"803",4820399,23493922,325.7,"T0",1,1,"NTHNGHR",NA,NA
"804",4823633,23493924,325.7,"T0",1,1,"NTHNGHR",NA,NA
"805",4785425,23493928,325.7,"T0",1,1,"HNSPTTD","1","LFTSD"
"806",4796994,23493930,325.7,"T0",1,1,"NTHNGHR",NA,NA
"807",4899886,23493931,325.7,"T0",1,1,"FR",NA,NA
"808",4813751,23493934,325.7,"T0",1,1,"NTHNGHR",NA,NA
"809",4815240,23493936,325.7,"T0",1,1,"NTHNGHR",NA,NA
"810",4913975,23493937,325.7,"T0",1,1,"NTHNGHR",NA,NA
"811",4882235,23493938,325.7,"T0",1,1,"NTHNGHR",NA,NA
"812",4824896,23493939,325.7,"T0",1,1,"NTHNGHR",NA,NA
"813",4667147,23493940,325.7,"T0",1,1,"NTHNGHR",NA,NA
"814",4921526,23493942,325.7,"T0",1,1,"NTHNGHR",NA,NA
"815",4830494,23493943,325.7,"T0",1,1,"NTHNGHR",NA,NA
"816",4713981,23493945,325.7,"T0",1,1,"NTHNGHR",NA,NA
"817",4714264,23493946,325.7,"T0",1,1,"NTHNGHR",NA,NA
"818",4857931,23493948,325.7,"T0",1,1,"NTHNGHR",NA,NA
"819",4739476,23493951,325.7,"T0",1,1,"NTHNGHR",NA,NA
"820",4715390,23493952,325.7,"T0",1,1,"NTHNGHR",NA,NA
"821",4669972,23493954,325.7,"T0",1,1,"NTHNGHR",NA,NA
"822",4680912,23493957,325.7,"T0",1,1,"NTHNGHR",NA,NA
"823",4740593,23493958,325.7,"T0",1,1,"NTHNGHR",NA,NA
"824",4766688,23493961,325.7,"T0",1,1,"NTHNGHR",NA,NA
"825",4726312,23493964,325.7,"T0",1,1,"NTHNGHR",NA,NA
"826",4789882,23493966,325.7,"T0",1,1,"NTHNGHR",NA,NA
"827",4781489,23493967,325.7,"T0",1,1,"NTHNGHR",NA,NA
"828",4826405,23493971,325.7,"T0",1,1,"NTHNGHR",NA,NA
"829",4831696,23493973,325.7,"T0",1,1,"NTHNGHR",NA,NA
"830",4806199,23493976,325.7,"T0",1,1,"NTHNGHR",NA,NA
"831",4842642,23493977,325.7,"T0",1,1,"NTHNGHR",NA,NA
"832",4856041,23493978,325.7,"T0",1,1,"NTHNGHR",NA,NA
"833",4869463,23493983,325.7,"T0",1,1,"NTHNGHR",NA,NA
"834",4876968,23493984,325.7,"T0",1,1,"NTHNGHR",NA,NA
"835",4912459,23493986,325.7,"T0",1,1,"NTHNGHR",NA,NA
"836",4915465,23493987,325.7,"T0",1,1,"NTHNGHR",NA,NA
"837",4670692,23493989,325.7,"T0",1,1,"NTHNGHR",NA,NA
"838",4918492,23493992,325.7,"T0",1,1,"NTHNGHR",NA,NA
"839",4684639,23493994,325.7,"T0",1,1,"NTHNGHR",NA,NA
"840",4769565,23494001,325.7,"T0",1,1,"NTHNGHR",NA,NA
"841",4778091,23494018,325.7,"T0",1,1,"NTHNGHR",NA,NA
"842",4783772,23494022,325.7,"T0",1,1,"HNSPTTD","1","LFTSD"
"843",4788362,23494027,325.7,"T0",1,1,"PRCPN","1","LFTSD"
"844",4754939,23494037,325.7,"T0",1,1,"MPL","1","FRNT"
"845",4775133,23494041,325.7,"T0",1,1,"NTHNGHR",NA,NA
"846",4777730,23494042,325.7,"T0",1,1,"NTHNGHR",NA,NA
"847",4785177,23494045,325.7,"T0",1,1,"NTHNGHR",NA,NA
"848",4789494,23494049,325.7,"T0",1,1,"NTHNGHR",NA,NA
"849",4824370,23494055,325.7,"T0",1,1,"NTHNGHR",NA,NA
"850",4874630,23494060,325.7,"T0",1,1,"NTHNGHR",NA,NA
"851",4887376,23494064,325.7,"T0",1,1,"NTHNGHR",NA,NA
"852",4672743,23494069,325.7,"T0",1,1,"NTHNGHR",NA,NA
"853",4870663,23494070,325.7,"T0",1,1,"JCKLSDSTRPD","1","RGHTSD"
"854",4683070,23494072,325.7,"T0",1,1,"NTHNGHR",NA,NA
"855",4886222,23494074,325.7,"T0",1,1,"NTHNGHR",NA,NA
"856",4931686,23494075,325.7,"T0",1,1,"RDNT","1","LFTSD"
"857",4684173,23494077,325.7,"T0",1,1,"NTHNGHR",NA,NA
"858",4668997,23494078,325.7,"T0",1,1,"NTHNGHR",NA,NA
"859",4691788,23494080,325.7,"T0",1,1,"NTHNGHR",NA,NA
"860",4695125,23494087,325.7,"T0",1,1,"NTHNGHR",NA,NA
"861",4705022,23494088,325.7,"T0",1,1,"NTHNGHR",NA,NA
"862",4691456,23494089,325.7,"T0",1,1,"NTHNGHR",NA,NA
"863",4834469,23494091,325.7,"T0",1,1,"NTHNGHR",NA,NA
"864",4744101,23494092,325.7,"T0",1,1,"NTHNGHR",NA,NA
"865",4706264,23494094,325.7,"T0",1,1,"NTHNGHR",NA,NA
"866",4787003,23494097,325.7,"T0",1,1,"NTHNGHR",NA,NA
"867",4745762,23494098,325.7,"T0",1,1,"NTHNGHR",NA,NA
"868",4838238,23494099,325.7,"T0",1,1,"BFFL","1","RGHTSD"
"869",4704379,23494104,325.7,"T0",1,1,"HMNNTVHCLS",NA,NA
"870",4762687,23494105,325.7,"T0",1,1,"NTHNGHR",NA,NA
"871",4844260,23494106,325.7,"T0",1,1,"NTHNGHR",NA,NA
"872",4767460,23494110,325.7,"T0",1,1,"HNSPTTD","1","LFTSD"
"873",4805474,23494113,325.7,"T0",1,1,"NTHNGHR",NA,NA
"874",4851253,23494114,325.7,"T0",1,1,"NTHNGHR",NA,NA
"875",4841987,23494116,325.7,"T0",1,1,"NTHNGHR",NA,NA
"876",4837078,23494117,325.7,"T0",1,1,"NTHNGHR",NA,NA
"877",4853514,23494118,325.7,"T0",1,1,"NTHNGHR",NA,NA
"878",4874165,23494124,325.7,"T0",1,1,"LND","1","LFTSD"
"879",4842097,23494126,325.7,"T0",1,1,"NTHNGHR",NA,NA
"880",4873752,23494127,325.7,"T0",1,1,"NTHNGHR",NA,NA
"881",4667038,23494129,325.7,"T0",1,1,"NTHNGHR",NA,NA
"882",4832027,23494131,325.7,"T0",1,1,"DKRSTNBK","1","FRNT"
"883",4878703,23494133,325.7,"T0",1,1,"FR",NA,NA
"884",4685317,23494136,325.7,"T0",1,1,"NTHNGHR",NA,NA
"885",4729114,23494140,325.7,"T0",1,1,"NTHNGHR",NA,NA
"886",4855500,23494141,325.7,"T0",1,1,"HMNNTVHCLS",NA,NA
"887",4702534,23494144,325.7,"T0",1,1,"NTHNGHR",NA,NA
"888",4732911,23494147,325.7,"T0",1,1,"HMNNTVHCLS",NA,NA
"889",4706766,23494148,325.7,"T0",1,1,"NTHNGHR",NA,NA
"890",4857116,23494150,325.7,"T0",1,1,"HNSPTTD","1","LFTSD"
"891",4880447,23494152,325.7,"T0",1,1,"FR",NA,NA
"892",4869540,23494156,325.7,"T0",1,1,"NTHNGHR",NA,NA
"893",4701794,23494158,325.7,"T0",1,1,"NTHNGHR",NA,NA
"894",4776648,23494159,325.7,"T0",1,1,"PRCPN","1","RGHTSD"
"895",4883538,23494164,325.7,"T0",1,1,"NTHNGHR",NA,NA
"896",4885827,23494166,325.7,"T0",1,1,"NTHNGHR",NA,NA
"897",4703223,23494168,325.7,"T0",1,1,"NTHNGHR",NA,NA
"898",4670628,23494171,325.7,"T0",1,1,"NTHNGHR",NA,NA
"899",4776848,23494174,325.7,"T0",1,1,"NTHNGHR",NA,NA
"900",4743055,23494175,325.7,"T0",1,1,"NTHNGHR",NA,NA
"901",4698419,23494176,325.7,"T0",1,1,"NTHNGHR",NA,NA
"902",4701384,23494181,325.7,"T0",1,1,"NTHNGHR",NA,NA
"903",4786559,23494182,325.7,"T0",1,1,"BRD","1","RGHTSD"
"904",4703820,23494184,325.7,"T0",1,1,"NTHNGHR",NA,NA
"905",4754378,23494185,325.7,"T0",1,1,"NTHNGHR",NA,NA
"906",4829616,23494187,325.7,"T0",1,1,"FR",NA,NA
"907",4853530,23494190,325.7,"T0",1,1,"NTHNGHR",NA,NA
"908",4818205,23494192,325.7,"T0",1,1,"FR",NA,NA
"909",4784191,23494193,325.7,"T0",1,1,"BRD","1","RGHTSD"
"910",4868376,23494196,325.7,"T0",1,1,"NTHNGHR",NA,NA
"911",4800107,23494199,325.7,"T0",1,1,"NTHNGHR",NA,NA
"912",4825128,23494201,325.7,"T0",1,1,"NTHNGHR",NA,NA
"913",4829103,23494202,325.7,"T0",1,1,"NTHNGHR",NA,NA
"914",4854490,23494205,325.7,"T0",1,1,"NTHNGHR",NA,NA
"915",4859980,23494206,325.7,"T0",1,1,"NTHNGHR",NA,NA
"916",4903045,23494209,325.7,"T0",1,1,"FR",NA,NA
"917",4864664,23494211,325.7,"T0",1,1,"NTHNGHR",NA,NA
"918",4909087,23494213,325.7,"T0",1,1,"DKRSTNBK","1","LFTSD"
"919",4878014,23494218,325.7,"T0",1,1,"NTHNGHR",NA,NA
"920",4685414,23494220,325.7,"T0",1,1,"NTHNGHR",NA,NA
"921",4717606,23494224,325.7,"T0",1,1,"NTHNGHR",NA,NA
"922",4903761,23494231,325.7,"T0",1,1,"FR",NA,NA
"923",4901855,23494236,325.7,"T0",1,1,"DKRSTNBK","1","FRNT"
"924",4777724,23494238,325.7,"T0",1,1,"BRD","1","LFTSD"
"925",4676942,23494240,325.7,"T0",1,1,"NTHNGHR",NA,NA
"926",4913557,23494241,325.7,"T0",1,1,"NTHNGHR",NA,NA
"927",4792309,23494243,325.7,"T0",1,1,"NTHNGHR",NA,NA
"928",4830443,23494247,325.7,"T0",1,1,"NTHNGHR",NA,NA
"929",4711523,23494248,325.7,"T0",1,1,"NTHNGHR",NA,NA
"930",4744458,23494256,325.7,"T0",1,1,"NTHNGHR",NA,NA
"931",4769652,23494261,325.7,"T0",1,1,"NTHNGHR",NA,NA
"932",4775821,23494269,325.7,"T0",1,1,"NTHNGHR",NA,NA
"933",4872429,23494288,325.7,"T0",2,1,"DMSTCNML","5","MLTPLSDSFRMMLTPLNMLS"
"934",4872429,23494288,325.7,"T0",2,2,"HMNNTVHCLS",NA,NA
"935",4784440,23494293,325.7,"T0",1,1,"BRD","1","LFTSD"
"936",4814553,23494302,325.7,"T0",1,1,"NTHNGHR",NA,NA
"937",4877176,23494311,325.7,"T0",1,1,"NTHNGHR",NA,NA
"938",4892608,23494317,325.7,"T0",1,1,"NTHNGHR",NA,NA
"939",4910078,23494324,325.7,"T0",1,1,"NTHNGHR",NA,NA
"940",4889788,23494327,325.7,"T0",1,1,"RBBTHR","1","LFTSD"
"941",4674954,23494329,325.7,"T0",1,1,"NTHNGHR",NA,NA
"942",4889805,23494334,325.7,"T0",1,1,"DKRSTNBK","1","LFTSD"
"943",4723573,23494339,325.7,"T0",1,1,"NTHNGHR",NA,NA
"944",4901355,23494341,325.7,"T0",1,1,"NTHNGHR",NA,NA
"945",4924583,23494347,325.7,"T0",1,1,"NTHNGHR",NA,NA
"946",4792391,23494348,325.7,"T0",1,1,"NTHNGHR",NA,NA
"947",4721853,23494351,325.7,"T0",1,1,"NTHNGHR",NA,NA
"948",4673966,23494354,325.7,"T0",1,1,"HNBDGR","1","RGHTSD"
"949",4758000,23494357,325.7,"T0",1,1,"NTHNGHR",NA,NA
"950",4683310,23494363,325.7,"T0",1,1,"VHCL",NA,NA
"951",4793117,23494365,325.7,"T0",1,1,"NTHNGHR",NA,NA
"952",4758925,23494367,325.7,"T0",1,1,"NTHNGHR",NA,NA
"953",4687824,23494369,325.7,"T0",1,1,"NTHNGHR",NA,NA
"954",4761562,23494374,325.7,"T0",1,1,"NTHNGHR",NA,NA
"955",4697820,23494375,325.7,"T0",1,1,"NTHNGHR",NA,NA
"956",4711514,23494379,325.7,"T0",1,1,"NTHNGHR",NA,NA
"957",4763977,23494383,325.7,"T0",1,1,"NTHNGHR",NA,NA
"958",4716777,23494385,325.7,"T0",1,1,"NTHNGHR",NA,NA
"959",4761240,23494391,325.7,"T0",1,1,"NTHNGHR",NA,NA
"960",4799091,23494395,325.7,"T0",1,1,"FR",NA,NA
"961",4878080,23494404,325.7,"T0",1,1,"FR",NA,NA
"962",4927581,23494413,325.7,"T0",1,1,"NTHNGHR",NA,NA
"963",4767298,23494422,325.7,"T0",1,1,"BSHPG","3","LFTSD"
"964",4799841,23494426,325.7,"T0",1,1,"NTHNGHR",NA,NA
"965",4877119,23494431,325.7,"T0",1,1,"NTHNGHR",NA,NA
"966",4878298,23494434,325.7,"T0",1,1,"FR",NA,NA
"967",4885442,23494439,325.7,"T0",1,1,"NTHNGHR",NA,NA
"968",4678287,23494441,325.7,"T0",1,1,"NTHNGHR",NA,NA
"969",4695734,23494445,325.7,"T0",1,1,"FR",NA,NA
"970",4714771,23494447,325.7,"T0",1,1,"NTHNGHR",NA,NA
"971",4764314,23494450,325.7,"T0",1,1,"NTHNGHR",NA,NA
"972",4799403,23494451,325.7,"T0",1,1,"FR",NA,NA
"973",4814358,23494455,325.7,"T0",1,1,"NTHNGHR",NA,NA
"974",4678466,23494456,325.7,"T0",1,1,"FRCNCVT","1","LFTSD"
"975",4728792,23494457,325.7,"T0",1,1,"NTHNGHR",NA,NA
"976",4705455,23494458,325.7,"T0",1,1,"NTHNGHR",NA,NA
"977",4827602,23494459,325.7,"T0",1,1,"FR",NA,NA
"978",4737922,23494460,325.7,"T0",1,1,"NTHNGHR",NA,NA
"979",4749844,23494461,325.7,"T0",1,1,"NTHNGHR",NA,NA
"980",4750921,23494462,325.7,"T0",1,1,"NTHNGHR",NA,NA
"981",4855551,23494463,325.7,"T0",1,1,"RBBTHR","1","LFTSD"
"982",4760284,23494464,325.7,"T0",1,1,"NTHNGHR",NA,NA
"983",4908407,23494466,325.7,"T0",1,1,"NTHNGHR",NA,NA
"984",4763428,23494467,325.7,"T0",1,1,"NTHNGHR",NA,NA
"985",4920426,23494468,325.7,"T0",1,1,"NTHNGHR",NA,NA
"986",4774454,23494470,325.7,"T0",1,1,"NTHNGHR",NA,NA
"987",4833934,23494471,325.7,"T0",1,1,"NTHNGHR",NA,NA
"988",4675186,23494472,325.7,"T0",1,1,"NTHNGHR",NA,NA
"989",4880609,23494474,325.7,"T0",1,1,"NTHNGHR",NA,NA
"990",4688658,23494475,325.7,"T0",1,1,"NTHNGHR",NA,NA
"991",4889561,23494477,325.7,"T0",1,1,"NTHNGHR",NA,NA
"992",4790188,23494478,325.7,"T0",1,1,"NTHNGHR",NA,NA
"993",4703480,23494480,325.7,"T0",1,1,"FR",NA,NA
"994",4931412,23494481,325.7,"T0",1,1,"NTHNGHR",NA,NA
"995",4713832,23494482,325.7,"T0",1,1,"NTHNGHR",NA,NA
"996",4791937,23494484,325.7,"T0",1,1,"NTHNGHR",NA,NA
"997",4713993,23494485,325.7,"T0",1,1,"NTHNGHR",NA,NA
"998",4716793,23494486,325.7,"T0",1,1,"NTHNGHR",NA,NA
"999",4721199,23494488,325.7,"T0",1,1,"NTHNGHR",NA,NA
"1000",4795383,23494489,325.7,"T0",1,1,"NTHNGHR",NA,NA
"1001",4728147,23494490,325.7,"T0",1,1,"NTHNGHR",NA,NA
"1002",4862804,23494494,325.7,"T0",1,1,"NTHNGHR",NA,NA
"1003",4763571,23494496,325.7,"T0",1,1,"BRD","1","BCK"
"1004",4865544,23494497,325.7,"T0",1,1,"NTHNGHR",NA,NA
